grant_id,project_num,core_project_num,profile_id,full_name,is_contact_pi,org_name,is_neu_org,rank_order
131911,2R01DK035090-21,R01DK035090,1863677,Paul M. Champion,True,NORTHEASTERN UNIVERSITY,True,0
131995,3T32DA007312-05S1,T32DA007312,6274976,Alexandros  Makriyannis,True,NORTHEASTERN UNIVERSITY,True,0
134705,7R01HD045639-06,R01HD045639,7618869,Dagmar  Sternad,True,NORTHEASTERN UNIVERSITY,True,0
239548,3R01CA047858-16S1,R01CA047858,1880416,Vito  Quaranta,True,VANDERBILT UNIVERSITY,False,0
84611,5K02MH001981-04,K02MH001981,2201948,Lisa Feldman Barrett,True,BOSTON COLLEGE,False,0
88369,7R34MH073116-04,R34MH073116,1890648,Alisa K. Lincoln,True,NORTHEASTERN UNIVERSITY,True,0
115840,5R01HL060133-07,R01HL060133,1865780,RAIMOND Lester WINSLOW,True,JOHNS HOPKINS UNIVERSITY,False,0
115909,5R01HL070894-04,R01HL070894,1865780,RAIMOND Lester WINSLOW,True,JOHNS HOPKINS UNIVERSITY,False,0
127250,7R01HL059949-20,R01HL059949,1867929,Diomedes E. Logothetis,True,NORTHEASTERN UNIVERSITY,True,0
128534,1R03DC007721-01,R03DC007721,8176853,MENG  CUI,True,ICAHN SCHOOL OF MEDICINE AT MOUNT SINAI,False,0
128558,5R03TW006020-03,R03TW006020,1867929,Diomedes E. Logothetis,True,ICAHN SCHOOL OF MEDICINE AT MOUNT SINAI,False,0
130539,5R01CA096867-03,R01CA096867,6951649,CARLA  MATTOS,True,NORTH CAROLINA STATE UNIVERSITY RALEIGH,False,0
131840,5K23HD047480-02,K23HD047480,7848025,JESSICA ALYSE HOFFMAN,True,NORTHEASTERN UNIVERSITY,True,0
131846,5K25NS047138-03,K25NS047138,7598941,ARMEN  STEPANYANTS,True,NORTHEASTERN UNIVERSITY,True,0
131851,5P01DA009158-09,P01DA009158,6274976,Alexandros  Makriyannis,True,NORTHEASTERN UNIVERSITY,True,0
131860,5R01CA087571-04,R01CA087571,1891506,Richard A. Daynard,True,NORTHEASTERN UNIVERSITY,True,0
131864,5R01CA095522-03,R01CA095522,1966327,Mansoor M. Amiji,True,NORTHEASTERN UNIVERSITY,True,0
131877,1R01CA112561-01,R01CA112561,2063224,Michail  Sitkovsky,True,NORTHEASTERN UNIVERSITY,True,0
131881,1R01CA119617-01,R01CA119617,1966327,Mansoor M. Amiji,True,NORTHEASTERN UNIVERSITY,True,0
131889,5R01DA007215-13,R01DA007215,6274976,Alexandros  Makriyannis,True,NORTHEASTERN UNIVERSITY,True,0
131896,3R01DA010547-09S1,R01DA010547,1961109,Richard H. Melloni,True,NORTHEASTERN UNIVERSITY,True,0
131905,7R01DC003277-09,R01DC003277,1880426,Iris  Berent,True,NORTHEASTERN UNIVERSITY,True,0
131915,5R01EB001961-07,R01EB001961,1881249,Vladimir P Torchilin,True,NORTHEASTERN UNIVERSITY,True,0
131918,5R01EB002995-03,R01EB002995,1881249,Vladimir P Torchilin,True,NORTHEASTERN UNIVERSITY,True,0
131926,3R01EY015500-01A1S1,R01EY015500,7010344,Jeffrey W Ruberti,True,NORTHEASTERN UNIVERSITY,True,0
131933,5R01GM061162-06,R01GM061162,2419436,Kim  Lewis,True,NORTHEASTERN UNIVERSITY,True,0
131942,5R01GM072462-02,R01GM072462,6877717,MARK C WILLIAMS,True,NORTHEASTERN UNIVERSITY,True,0
131949,2R01HL055519-09,R01HL055519,1881249,Vladimir P Torchilin,True,NORTHEASTERN UNIVERSITY,True,0
131961,5R03DC006118-02,R03DC006118,7258819,RUPAL  PATEL,True,NORTHEASTERN UNIVERSITY,True,0
131968,5R21AI059483-02,R21AI059483,2419436,Kim  Lewis,True,NORTHEASTERN UNIVERSITY,True,0
131969,5R21AI059489-02,R21AI059489,2419436,Kim  Lewis,True,NORTHEASTERN UNIVERSITY,True,0
187087,1R03DA019537-01,R03DA019537,8031062,SPIRO  PAVLOPOULOS,True,UNIVERSITY OF CONNECTICUT STORRS,False,0
190769,5R01AG021188-03,R01AG021188,6062879,CHARLES H HILLMAN,True,UNIVERSITY OF ILLINOIS AT URBANA-CHAMPAIGN,False,0
190784,1R01AG025032-01,R01AG025032,1889467,ARTHUR F. KRAMER,True,UNIVERSITY OF ILLINOIS AT URBANA-CHAMPAIGN,False,0
191114,2R01GM072744-19,R01GM072744,3128253,Ning  Wang,True,NORTHEASTERN UNIVERSITY,True,0
191378,1R37AG025667-01,R37AG025667,1889467,ARTHUR F. KRAMER,True,UNIVERSITY OF ILLINOIS AT URBANA-CHAMPAIGN,False,0
197509,5R01DA013517-05,R01DA013517,1893351,CRAIG F FERRIS,True,UNIV OF MASSACHUSETTS MED SCH WORCESTER,False,0
215795,1F31MH074169-01,F31MH074169,7328247,Lindy E Barrett,True,UNIVERSITY OF PENNSYLVANIA,False,0
240242,1R01GM067221-01A2,R01GM067221,1880416,Vito  Quaranta,True,VANDERBILT UNIVERSITY,False,0
244008,3U54CA113007-02S1,U54CA113007,1880416,Vito  Quaranta,True,VANDERBILT UNIVERSITY,False,0
252315,5R01GM063150-05,R01GM063150,2102015,GEORGE A O'DOHERTY,True,WEST VIRGINIA UNIVERSITY,False,0
274485,5R01AG019787-05,R01AG019787,6706361,Konstantin  Khrapko,True,BETH ISRAEL DEACONESS MEDICAL CENTER,False,0
274729,5R01AG024999-02,R01AG024999,1894965,Jonathan Lee Tilly,True,MASSACHUSETTS GENERAL HOSPITAL,False,0
275873,2R01CA100498-06A1,R01CA100498,1950357,CHANGYAN  CHEN,True,NORTHEASTERN UNIVERSITY,True,0
278264,5R01CA096805-03,R01CA096805,1876541,HAVA Karsenty AVRAHAM,True,BETH ISRAEL DEACONESS MEDICAL CENTER,False,0
278357,5R01ES008430-09,R01ES008430,1894965,Jonathan Lee Tilly,True,MASSACHUSETTS GENERAL HOSPITAL,False,0
278378,5R01ES011343-05,R01ES011343,6706361,Konstantin  Khrapko,True,BETH ISRAEL DEACONESS MEDICAL CENTER,False,0
282025,5R01HD045787-02,R01HD045787,1894965,Jonathan Lee Tilly,True,MASSACHUSETTS GENERAL HOSPITAL,False,0
289833,1R13HL082354-01,R13HL082354,1867929,Diomedes E. Logothetis,True,FEDERATION OF AMER SOC FOR EXPER BIOLOGY,False,0
297770,5R42MH064970-03,R42MH064970,1893351,CRAIG F FERRIS,True,"INSIGHT NEUROIMAGING SYSTEMS, LLC",False,0
647069,7R01DA019158-05,R01DA019158,1893351,CRAIG F FERRIS,True,NORTHEASTERN UNIVERSITY,True,0
948544,7R01AI058146-04,R01AI058146,2444920,ZHAOHUI SUNNY ZHOU,True,NORTHEASTERN UNIVERSITY,True,0
948768,7R01GM070590-04,R01GM070590,6277680,JOHN R ENGEN,True,NORTHEASTERN UNIVERSITY,True,0
948882,5R01MH068655-02,R01MH068655,1897870,Raymond G. Booth,True,UNIV OF NORTH CAROLINA CHAPEL HILL,False,0
949485,7R21LM008553-02,R21LM008553,7854251,TIMOTHY W. BICKMORE,True,NORTHEASTERN UNIVERSITY,True,0
998049,2T32GM007057-31,T32GM007057,1865780,RAIMOND Lester WINSLOW,True,JOHNS HOPKINS UNIVERSITY,False,0
1181583,3U54CA113007-02S1,U54CA113007,1880416,Vito  Quaranta,True,VANDERBILT UNIVERSITY,False,0
1188859,1P01HL081427-01,P01HL081427,1865780,RAIMOND Lester WINSLOW,True,JOHNS HOPKINS UNIVERSITY,False,0
1221225,1P30CA118100-01,P30CA118100,1955861,CHERYL LYNN WILLMAN,True,UNIVERSITY OF NEW MEXICO,False,0
1240216,5T32GM007280-29,T32GM007280,1867929,Diomedes E. Logothetis,True,ICAHN SCHOOL OF MEDICINE AT MOUNT SINAI,False,0
1244066,5M01RR000054-44,M01RR000054,1860455,Harry P. Selker,True,TUFTS MEDICAL CENTER,False,0
1244072,5M01RR000054-44,M01RR000054,1860455,Harry P. Selker,True,TUFTS MEDICAL CENTER,False,0
1250146,5P20RR016480-05,P20RR016480,6277680,JOHN R ENGEN,True,NEW MEXICO STATE UNIVERSITY LAS CRUCES,False,0
1250153,3P20RR016480-05S1,P20RR016480,1964518,JEFFREY B ARTERBURN,True,NEW MEXICO STATE UNIVERSITY LAS CRUCES,False,0
1250649,5P41RR000862-32,P41RR000862,1862554,Brian T Chait,True,ROCKEFELLER UNIVERSITY,False,0
1252390,5P41RR008630-10,P41RR008630,1932843,LEE  MAKOWSKI,True,ILLINOIS INSTITUTE OF TECHNOLOGY,False,0
1252441,5P41RR010888-09,P41RR010888,1870801,Catherine E. Costello,True,BOSTON UNIVERSITY MEDICAL CAMPUS,False,0
89293,1R03EB005214-01A1,R03EB005214,1896696,ANAND R ASTHAGIRI,True,CALIFORNIA INSTITUTE OF TECHNOLOGY,False,0
108894,1R03CA126398-01,R03CA126398,8604852,Daniel  Kim,True,HARVARD UNIVERSITY D/B/A HARVARD SCHOOL OF PUBLIC HEALTH,False,0
128326,1F32MH075506-01A2,F32MH075506,6600278,REBECCA M SHANSKY,True,ICAHN SCHOOL OF MEDICINE AT MOUNT SINAI,False,0
131836,2K05DA000493-06,K05DA000493,6274976,Alexandros  Makriyannis,True,NORTHEASTERN UNIVERSITY,True,0
131855,1R01AI070863-01A1,R01AI070863,2419436,Kim  Lewis,True,NORTHEASTERN UNIVERSITY,True,0
131869,1R01CA111985-01A2,R01CA111985,2063224,Michail  Sitkovsky,True,NORTHEASTERN UNIVERSITY,True,0
131884,1R01CA121838-01,R01CA121838,1881249,Vladimir P Torchilin,True,NORTHEASTERN UNIVERSITY,True,0
131957,1R03CA121352-01A1,R03CA121352,1872760,ROGER Wallace GIESE,True,NORTHEASTERN UNIVERSITY,True,0
131973,1R21AR053551-01,R21AR053551,7010344,Jeffrey W Ruberti,True,NORTHEASTERN UNIVERSITY,True,0
131975,1R21AT002788-01A1,R21AT002788,2063224,Michail  Sitkovsky,True,NORTHEASTERN UNIVERSITY,True,0
210102,1R01CA116590-01A1,R01CA116590,7688935,TATIANA K BRONICH,True,UNIVERSITY OF NEBRASKA MEDICAL CENTER,False,0
211511,5K08DK064603-02,K08DK064603,8774201,HOOMAN  NOORCHASHM,True,UNIVERSITY OF PENNSYLVANIA,False,0
255226,1F32HL083593-01,F32HL083593,6194541,Marsha W ROLLE,True,BENAROYA RESEARCH INST AT VIRGINIA MASON,False,0
274907,1R01AG030311-01,R01AG030311,2201948,Lisa Feldman Barrett,True,MASSACHUSETTS GENERAL HOSPITAL,False,0
285505,7R37AG012279-19,R37AG012279,1894965,Jonathan Lee Tilly,True,NORTHEASTERN UNIVERSITY,True,0
1002065,1R21MH076740-01,R21MH076740,1890648,Alisa K. Lincoln,True,BOSTON UNIVERSITY MEDICAL CAMPUS,False,0
1181727,5P41RR000862-33,P41RR000862,6274976,Alexandros  Makriyannis,True,ROCKEFELLER UNIVERSITY,False,0
1195240,5P20RR016480-06,P20RR016480,6277680,JOHN R ENGEN,True,NEW MEXICO STATE UNIVERSITY LAS CRUCES,False,0
1220092,5P41RR010888-10,P41RR010888,8168130,CAROLYN W T LEE-PARSONS,True,BOSTON UNIVERSITY MEDICAL CAMPUS,False,0
1235948,5P41RR008630-11,P41RR008630,1932843,LEE  MAKOWSKI,True,ILLINOIS INSTITUTE OF TECHNOLOGY,False,0
107971,1K01HD053172-01A1,K01HD053172,7553181,BETH Ellen MOLNAR,True,HARVARD UNIVERSITY D/B/A HARVARD SCHOOL OF PUBLIC HEALTH,False,0
109103,1R21DA022600-01,R21DA022600,7914271,Matthew J Miller,True,HARVARD UNIVERSITY D/B/A HARVARD SCHOOL OF PUBLIC HEALTH,False,0
111663,1R21DA024259-01,R21DA024259,6869311,KATY  BORNER,False,TRUSTEES OF INDIANA UNIVERSITY,False,0
111663,1R21DA024259-01,R21DA024259,1894746,STEVEN J SHERMAN,False,TRUSTEES OF INDIANA UNIVERSITY,False,1
111663,1R21DA024259-01,R21DA024259,8900222,Alessandro  Vespignani,True,TRUSTEES OF INDIANA UNIVERSITY,False,2
118115,1R24HL085343-01A1,R24HL085343,1865780,RAIMOND Lester WINSLOW,True,JOHNS HOPKINS UNIVERSITY,False,0
118150,1R33HL087345-01A1,R33HL087345,1865780,RAIMOND Lester WINSLOW,True,JOHNS HOPKINS UNIVERSITY,False,0
118490,3U01HL091737-01S2,U01HL091737,7667301,STEPHEN S INTILLE,True,MASSACHUSETTS INSTITUTE OF TECHNOLOGY,False,0
119546,1T15HL088964-01,T15HL088964,1865780,RAIMOND Lester WINSLOW,True,JOHNS HOPKINS UNIVERSITY,False,0
131965,1R13EB008339-01,R13EB008339,1881249,Vladimir P Torchilin,True,NORTHEASTERN UNIVERSITY,True,0
131971,1R21AI070736-01A1,R21AI070736,2419436,Kim  Lewis,True,NORTHEASTERN UNIVERSITY,True,0
131980,1R21DE018026-01A1,R21DE018026,8571552,Slava Simon Epstein,True,NORTHEASTERN UNIVERSITY,True,0
131982,1R21EB007317-01,R21EB007317,7010344,Jeffrey W Ruberti,True,NORTHEASTERN UNIVERSITY,True,0
131986,1R21LM008995-01A2,R21LM008995,7854251,TIMOTHY W. BICKMORE,True,NORTHEASTERN UNIVERSITY,True,0
131991,3R37DA023142-01S1,R37DA023142,6274976,Alexandros  Makriyannis,True,NORTHEASTERN UNIVERSITY,True,0
188734,1R01DA023928-01,R01DA023928,1897870,Raymond G. Booth,True,UNIVERSITY OF FLORIDA,False,0
198317,1F31EB005073-01A2,F31EB005073,8083867,Christopher James Hasson,True,UNIVERSITY OF MASSACHUSETTS AMHERST,False,0
272179,7R01CA124490-06,R01CA124490,1950357,CHANGYAN  CHEN,True,NORTHEASTERN UNIVERSITY,True,0
291171,1R03HG004034-01A1,R03HG004034,8621541,JONATHAN  KAHN,True,HAMLINE UNIVERSITY,False,0
292359,1R41CA117187-01A2,R41CA117187,3132126,CHARLES A DIMARZIO,True,"LUCID, INC.",False,0
1117186,1P01GM078586-01A1,P01GM078586,8466638,WOUTER-JAN  RAPPEL,True,"UNIVERSITY OF CALIFORNIA, SAN DIEGO",False,0
1181728,2P41RR000862-34,P41RR000862,6274976,Alexandros  Makriyannis,True,ROCKEFELLER UNIVERSITY,False,0
1235947,2P41RR008630-12,P41RR008630,1932843,LEE  MAKOWSKI,True,ILLINOIS INSTITUTE OF TECHNOLOGY,False,0
1238432,5P41RR005959-18,P41RR005959,1865780,RAIMOND Lester WINSLOW,True,DUKE UNIVERSITY,False,0
111632,1R01RR024236-01A1,R01RR024236,8702983,Predrag  Radivojac,True,TRUSTEES OF INDIANA UNIVERSITY,False,0
119544,1S10RR025053-01,S10RR025053,1865780,RAIMOND Lester WINSLOW,True,JOHNS HOPKINS UNIVERSITY,False,0
131885,1R01CA128486-01A2,R01CA128486,1881249,Vladimir P Torchilin,True,NORTHEASTERN UNIVERSITY,True,0
131912,1R01DK080477-01,R01DK080477,1966327,Mansoor M. Amiji,True,NORTHEASTERN UNIVERSITY,True,0
131921,1R01ES016205-01,R01ES016205,8861454,Thomas Clair Sheahan,True,NORTHEASTERN UNIVERSITY,True,0
131943,1R01GM085077-01,R01GM085077,8876531,Erin Jean Cram,True,NORTHEASTERN UNIVERSITY,True,0
131955,1R01NS063494-01,R01NS063494,7598941,ARMEN  STEPANYANTS,True,NORTHEASTERN UNIVERSITY,True,0
181769,7R01GM085648-04,R01GM085648,1932843,LEE  MAKOWSKI,True,NORTHEASTERN UNIVERSITY,True,0
185078,7R01MH081193-06,R01MH081193,1897870,Raymond G. Booth,True,NORTHEASTERN UNIVERSITY,True,0
191192,1R01HD055352-01A2,R01HD055352,6062879,CHARLES H HILLMAN,True,UNIVERSITY OF ILLINOIS AT URBANA-CHAMPAIGN,False,0
217155,1R03DK080286-01,R03DK080286,8774201,HOOMAN  NOORCHASHM,True,UNIVERSITY OF PENNSYLVANIA,False,0
289302,1R03DA025816-01,R03DA025816,8925462,Heather C Brenhouse,True,MCLEAN HOSPITAL,False,0
290045,1R13NS063446-01,R13NS063446,9273299,Richard Carl Labuda,True,CHIARI AND SYRINGOMYELIA FOUNDATION,False,0
290045,1R13NS063446-01,R13NS063446,2131794,Francis  Loth,False,CHIARI AND SYRINGOMYELIA FOUNDATION,False,1
290045,1R13NS063446-01,R13NS063446,9297173,Konstantin V Slavin,False,CHIARI AND SYRINGOMYELIA FOUNDATION,False,2
948469,1K99HL089459-01A1,K99HL089459,8604852,Daniel  Kim,True,HARVARD UNIVERSITY D/B/A HARVARD SCHOOL OF PUBLIC HEALTH,False,0
1181098,2P51RR000167-47A1,P51RR000167,1893351,CRAIG F FERRIS,True,UNIVERSITY OF WISCONSIN-MADISON,False,0
1181726,5P41RR000862-35,P41RR000862,6274976,Alexandros  Makriyannis,True,ROCKEFELLER UNIVERSITY,False,0
1209876,5P41RR004050-20,P41RR004050,1865780,RAIMOND Lester WINSLOW,True,"UNIVERSITY OF CALIFORNIA, SAN DIEGO",False,0
1219250,2P41RR005959-19,P41RR005959,1865780,RAIMOND Lester WINSLOW,True,DUKE UNIVERSITY,False,0
1224938,5P41RR008630-13,P41RR008630,1932843,LEE  MAKOWSKI,True,ILLINOIS INSTITUTE OF TECHNOLOGY,False,0
1234832,5P41RR008630-13,P41RR008630,1932843,LEE  MAKOWSKI,True,ILLINOIS INSTITUTE OF TECHNOLOGY,False,0
1236364,5P41RR008630-13,P41RR008630,1932843,LEE  MAKOWSKI,True,ILLINOIS INSTITUTE OF TECHNOLOGY,False,0
607441,1R21CE001605-01,R21CE001605,7914271,Matthew J Miller,True,HARVARD UNIVERSITY D/B/A HARVARD SCHOOL OF PUBLIC HEALTH,False,0
639967,1R01AI076372-01A2,R01AI076372,2419436,Kim  Lewis,True,NORTHEASTERN UNIVERSITY,True,0
641019,1R21CA135226-01A1,R21CA135226,1876541,HAVA Karsenty AVRAHAM,True,BETH ISRAEL DEACONESS MEDICAL CENTER,False,0
642082,1K23MH086328-01,K23MH086328,8537090,Christie Jade Rizzo,True,RHODE ISLAND HOSPITAL,False,0
642088,7R01GM090259-03,R01GM090259,2102015,GEORGE A O'DOHERTY,True,NORTHEASTERN UNIVERSITY,True,0
643158,1R01EY019281-01A1,R01EY019281,8872416,Peter John Bex,True,SCHEPENS EYE RESEARCH INSTITUTE,False,0
645905,2R56CA096867-06A1,R56CA096867,6951649,CARLA  MATTOS,True,NORTH CAROLINA STATE UNIVERSITY RALEIGH,False,0
646284,7R03DA026533-02,R03DA026533,8031062,SPIRO  PAVLOPOULOS,True,NORTHEASTERN UNIVERSITY,True,0
646494,1R01HL090882-01A2,R01HL090882,1867929,Diomedes E. Logothetis,True,VIRGINIA COMMONWEALTH UNIVERSITY,False,0
647427,1R01DA026795-01,R01DA026795,6274976,Alexandros  Makriyannis,True,NORTHEASTERN UNIVERSITY,True,0
647662,1R01HD058301-01A2,R01HD058301,6880279,SERGEI V ADAMOVICH,True,NEW JERSEY INSTITUTE OF TECHNOLOGY,False,0
648400,1R01GM086507-01,R01GM086507,6277680,JOHN R ENGEN,True,NORTHEASTERN UNIVERSITY,True,0
648460,1R01EY018664-01A2,R01EY018664,8872416,Peter John Bex,True,SCHEPENS EYE RESEARCH INSTITUTE,False,0
648545,1G13LM010073-01,G13LM010073,8621541,JONATHAN  KAHN,True,HAMLINE UNIVERSITY,False,0
648600,1R15HL097332-01,R15HL097332,6194541,Marsha W ROLLE,True,WORCESTER POLYTECHNIC INSTITUTE,False,0
649952,1F32AG034809-01,F32AG034809,9647638,Dori Cousins Woods,True,MASSACHUSETTS GENERAL HOSPITAL,False,0
650046,7R01NS065263-06,R01NS065263,8958225,Jeffrey Neil Agar,True,NORTHEASTERN UNIVERSITY,True,0
650194,1R01AI085585-01,R01AI085585,2419436,Kim  Lewis,True,NORTHEASTERN UNIVERSITY,True,0
651308,1R21MH083038-01A1,R21MH083038,8871066,Jonathan  Delman,False,NORTHEASTERN UNIVERSITY,True,0
651308,1R21MH083038-01A1,R21MH083038,1890648,Alisa K. Lincoln,True,NORTHEASTERN UNIVERSITY,True,1
651327,1F32DA026697-01,F32DA026697,9113546,CAMRON D BRYANT,True,UNIVERSITY OF CHICAGO,False,0
651624,3R01AI082577-02S1,R01AI082577,8915285,Robert Kirwan Campbell,False,NORTHEASTERN UNIVERSITY,True,0
651624,3R01AI082577-02S1,R01AI082577,1922603,MICHAEL P POLLASTRI,True,NORTHEASTERN UNIVERSITY,True,1
651696,1K01HD059983-01A1,K01HD059983,9105715,Eugene  Tunik,True,UNIV OF MED/ DENT OF NJ-SCH/HLTH REL PRO,False,0
651772,1R43GM085933-01A1,R43GM085933,1932843,LEE  MAKOWSKI,False,"SHAMROCK STRUCTURES, LLC",False,0
651772,1R43GM085933-01A1,R43GM085933,9295308,Richard L. Walter,True,"SHAMROCK STRUCTURES, LLC",False,1
701702,1R03DA027113-01,R03DA027113,9632867,Ganesh A Thakur,True,NORTHEASTERN UNIVERSITY,True,0
704444,7R01GM088839-03,R01GM088839,2102015,GEORGE A O'DOHERTY,True,NORTHEASTERN UNIVERSITY,True,0
706480,1R01ES017514-01A1,R01ES017514,7551861,JULIA Green BRODY,True,SILENT SPRING INSTITUTE,False,0
706480,1R01ES017514-01A1,R01ES017514,1911156,Philip M. Brown,False,SILENT SPRING INSTITUTE,False,1
706480,1R01ES017514-01A1,R01ES017514,9659033,Rachel Adele Morello-Frosch,False,SILENT SPRING INSTITUTE,False,2
1096325,2P42ES013660-05,P42ES013660,1911156,Philip M. Brown,True,BROWN UNIVERSITY,False,0
1181099,5P51RR000167-48,P51RR000167,1893351,CRAIG F FERRIS,True,UNIVERSITY OF WISCONSIN-MADISON,False,0
1199033,5P41RR000862-36,P41RR000862,1867929,Diomedes E. Logothetis,True,ROCKEFELLER UNIVERSITY,False,0
1208072,5P41RR008630-14,P41RR008630,1932843,LEE  MAKOWSKI,True,ILLINOIS INSTITUTE OF TECHNOLOGY,False,0
1209877,2P41RR004050-21,P41RR004050,1865780,RAIMOND Lester WINSLOW,True,"UNIVERSITY OF CALIFORNIA, SAN DIEGO",False,0
1219249,5P41RR005959-20,P41RR005959,1865780,RAIMOND Lester WINSLOW,True,DUKE UNIVERSITY,False,0
1236363,5P41RR008630-14,P41RR008630,1932843,LEE  MAKOWSKI,True,ILLINOIS INSTITUTE OF TECHNOLOGY,False,0
700848,1R01AI085005-01A1,R01AI085005,2419436,Kim  Lewis,True,NORTHEASTERN UNIVERSITY,True,0
702756,1R56AI089925-01,R56AI089925,8774201,HOOMAN  NOORCHASHM,True,UNIVERSITY OF PENNSYLVANIA,False,0
703000,1R01DA031020-01,R01DA031020,1877433,JACK  BERGMAN,True,MCLEAN HOSPITAL,False,0
703000,1R01DA031020-01,R01DA031020,6274976,Alexandros  Makriyannis,False,MCLEAN HOSPITAL,False,1
703241,1U54CA151881-01,U54CA151881,1881249,Vladimir P Torchilin,True,NORTHEASTERN UNIVERSITY,True,0
703634,1R15NS071455-01,R15NS071455,9649370,Francis  Loth,True,UNIVERSITY OF AKRON,False,0
703773,1U01CA151452-01,U01CA151452,1966327,Mansoor M. Amiji,True,NORTHEASTERN UNIVERSITY,True,0
703773,1U01CA151452-01,U01CA151452,8229919,Zhenfeng  Duan,False,NORTHEASTERN UNIVERSITY,True,1
704104,1R21HL102773-01,R21HL102773,9706986,Guohao  Dai,True,RENSSELAER POLYTECHNIC INSTITUTE,False,0
704363,1R01HG005824-01,R01HG005824,2419436,Kim  Lewis,True,NORTHEASTERN UNIVERSITY,True,0
705205,1K01AA019694-01,K01AA019694,7261471,Robert F. Leeman,True,YALE UNIVERSITY,False,0
708079,1R01EB012117-01,R01EB012117,9567340,Mark Jonathan Niedre,True,NORTHEASTERN UNIVERSITY,True,0
708419,1F32CA144210-01A1,F32CA144210,9757056,Bryan Quilty Spring,True,MASSACHUSETTS GENERAL HOSPITAL,False,0
709893,1R01CA134951-01A2,R01CA134951,1881249,Vladimir P Torchilin,True,NORTHEASTERN UNIVERSITY,True,0
710228,1R01HL106788-01,R01HL106788,8802721,Gabor  Balazsi,False,UNIV OF MED/DENT OF NJ-NJ MEDICAL SCHOOL,False,0
710228,1R01HL106788-01,R01HL106788,1861255,Maria Laura Gennaro,True,UNIV OF MED/DENT OF NJ-NJ MEDICAL SCHOOL,False,1
710228,1R01HL106788-01,R01HL106788,1871411,Gilla  Kaplan,False,UNIV OF MED/DENT OF NJ-NJ MEDICAL SCHOOL,False,2
710228,1R01HL106788-01,R01HL106788,10421950,Alfred A Lardizabal,False,UNIV OF MED/DENT OF NJ-NJ MEDICAL SCHOOL,False,3
710228,1R01HL106788-01,R01HL106788,1888841,RICHARD  PINE,False,UNIV OF MED/DENT OF NJ-NJ MEDICAL SCHOOL,False,4
710228,1R01HL106788-01,R01HL106788,8346526,Eduardo  Sontag,False,UNIV OF MED/DENT OF NJ-NJ MEDICAL SCHOOL,False,5
710697,1R01GM088230-01A1,R01GM088230,8653513,S. Veronica  Godoy-Carter,True,NORTHEASTERN UNIVERSITY,True,0
710741,1K01AG033643-01A2,K01AG033643,9482647,Jane Steele Saczynski,True,UNIV OF MASSACHUSETTS MED SCH WORCESTER,False,0
711726,1R21NS066984-01,R21NS066984,1966327,Mansoor M. Amiji,True,NORTHEASTERN UNIVERSITY,True,0
711904,1R21CA135594-01A2,R21CA135594,1966327,Mansoor M. Amiji,True,NORTHEASTERN UNIVERSITY,True,0
711993,4R00HL089459-02,R00HL089459,8604852,Daniel  Kim,True,RAND CORPORATION,False,0
712603,7R01DA030989-03,R01DA030989,1897870,Raymond G. Booth,True,NORTHEASTERN UNIVERSITY,True,0
712603,7R01DA030989-03,R01DA030989,1870174,DRAKE  MORGAN,False,NORTHEASTERN UNIVERSITY,True,1
713892,1R15AG034915-01A1,R15AG034915,9017036,John W. Devlin,True,NORTHEASTERN UNIVERSITY,True,0
714230,1P42ES017198-01A1,P42ES017198,9338949,Akram N Alshawabkeh,True,NORTHEASTERN UNIVERSITY,True,0
714290,7R01CA138899-02,R01CA138899,1896696,ANAND R ASTHAGIRI,True,NORTHEASTERN UNIVERSITY,True,0
716334,1R21NS071256-01,R21NS071256,8958225,Jeffrey Neil Agar,True,BRANDEIS UNIVERSITY,False,0
716688,1R01MH085021-01A1,R01MH085021,7914271,Matthew J Miller,True,HARVARD UNIVERSITY D/B/A HARVARD SCHOOL OF PUBLIC HEALTH,False,0
718219,1R21HL098750-01,R21HL098750,9567340,Mark Jonathan Niedre,True,NORTHEASTERN UNIVERSITY,True,0
718625,1S10RR028004-01,S10RR028004,1865780,RAIMOND Lester WINSLOW,True,JOHNS HOPKINS UNIVERSITY,False,0
1089392,1P50HL105185-01,P50HL105185,7033968,Carmen Castaneda Sceppa,True,NORTHEASTERN UNIVERSITY,True,0
1091200,1U54CA151881-01,U54CA151881,1881249,Vladimir P Torchilin,True,NORTHEASTERN UNIVERSITY,True,0
1094895,1U54CA151881-01,U54CA151881,1881249,Vladimir P Torchilin,True,NORTHEASTERN UNIVERSITY,True,0
1095629,1P42ES017198-01A1,P42ES017198,9338949,Akram N Alshawabkeh,True,NORTHEASTERN UNIVERSITY,True,0
1095880,1P20ES018169-01,P20ES018169,10442039,Phil  Brown,True,BROWN UNIVERSITY,False,0
1096022,1P42ES017198-01A1,P42ES017198,7008865,DAVID R KAELI,True,NORTHEASTERN UNIVERSITY,True,0
1097363,1P42ES017198-01A1,P42ES017198,10701442,Michael B Silevitch,True,NORTHEASTERN UNIVERSITY,True,0
1097697,1P42ES017198-01A1,P42ES017198,8861454,Thomas Clair Sheahan,True,NORTHEASTERN UNIVERSITY,True,0
1097723,1U54CA151881-01,U54CA151881,1881249,Vladimir P Torchilin,True,NORTHEASTERN UNIVERSITY,True,0
1099024,1U54CA151881-01,U54CA151881,1966327,Mansoor M. Amiji,True,NORTHEASTERN UNIVERSITY,True,0
1099663,2U54CA113007-06,U54CA113007,1880416,Vito  Quaranta,True,VANDERBILT UNIVERSITY,False,0
1100471,1U54CA151881-01,U54CA151881,1893351,CRAIG F FERRIS,True,NORTHEASTERN UNIVERSITY,True,0
1105539,1U54CA151881-01,U54CA151881,1966327,Mansoor M. Amiji,True,NORTHEASTERN UNIVERSITY,True,0
1105643,1P42ES017198-01A1,P42ES017198,1872760,ROGER Wallace GIESE,True,NORTHEASTERN UNIVERSITY,True,0
1105938,1U54CA151881-01,U54CA151881,7949694,SRINIVAS  SRIDHAR,True,NORTHEASTERN UNIVERSITY,True,0
1107039,1U19AI091693-01,U19AI091693,2063224,Michail  Sitkovsky,True,DANA-FARBER CANCER INST,False,0
1108195,1P42ES017198-01A1,P42ES017198,9338949,Akram N Alshawabkeh,True,NORTHEASTERN UNIVERSITY,True,0
1111838,2U54CA113007-06,U54CA113007,1880416,Vito  Quaranta,True,VANDERBILT UNIVERSITY,False,0
1112453,2U54CA113007-06,U54CA113007,1880416,Vito  Quaranta,True,VANDERBILT UNIVERSITY,False,0
1199032,5P41RR000862-37,P41RR000862,1867929,Diomedes E. Logothetis,True,ROCKEFELLER UNIVERSITY,False,0
1208071,5P41RR008630-15,P41RR008630,1932843,LEE  MAKOWSKI,True,ILLINOIS INSTITUTE OF TECHNOLOGY,False,0
1224937,5P41RR008630-15,P41RR008630,1932843,LEE  MAKOWSKI,True,ILLINOIS INSTITUTE OF TECHNOLOGY,False,0
1235783,5P41RR008630-15,P41RR008630,1932843,LEE  MAKOWSKI,True,ILLINOIS INSTITUTE OF TECHNOLOGY,False,0
747503,1R03HD064787-01A1,R03HD064787,7258819,RUPAL  PATEL,True,NORTHEASTERN UNIVERSITY,True,0
747505,1R01AG036682-01A1,R01AG036682,1889467,ARTHUR F. KRAMER,True,UNIVERSITY OF ILLINOIS AT URBANA-CHAMPAIGN,False,0
747556,1R01GM097320-01,R01GM097320,1872198,Daniel G. Remick,True,BOSTON UNIVERSITY MEDICAL CAMPUS,False,0
747556,1R01GM097320-01,R01GM097320,2063224,Michail  Sitkovsky,False,BOSTON UNIVERSITY MEDICAL CAMPUS,False,1
747756,1F32HL110651-01,F32HL110651,10760262,Rouzbeh  Amini,True,UNIVERSITY OF PITTSBURGH AT PITTSBURGH,False,0
748165,1R13HG006079-01A1,R13HG006079,8702983,Predrag  Radivojac,True,TRUSTEES OF INDIANA UNIVERSITY,False,0
748569,1R01HL105239-01,R01HL105239,2101820,MOHSIN Saleet JAFRI,False,UNIVERSITY OF MARYLAND BALTIMORE,False,0
748569,1R01HL105239-01,R01HL105239,8400207,William Jonathan Lederer,True,UNIVERSITY OF MARYLAND BALTIMORE,False,1
748569,1R01HL105239-01,R01HL105239,1865780,RAIMOND Lester WINSLOW,False,UNIVERSITY OF MARYLAND BALTIMORE,False,2
750370,7R01GM097118-05,R01GM097118,8660324,Roman  Manetsch,True,NORTHEASTERN UNIVERSITY,True,0
751598,1K99DA029635-01A1,K99DA029635,9113546,CAMRON D BRYANT,True,UNIVERSITY OF CHICAGO,False,0
752876,1R01CA158881-01,R01CA158881,1966327,Mansoor M. Amiji,False,"NEMUCORE MEDICAL INNOVATIONS, INC.",False,0
752876,1R01CA158881-01,R01CA158881,1939293,DENISE C CONNOLLY,False,"NEMUCORE MEDICAL INNOVATIONS, INC.",False,1
752876,1R01CA158881-01,R01CA158881,9928516,Timothy P Coleman,True,"NEMUCORE MEDICAL INNOVATIONS, INC.",False,2
752993,1R21EY021312-01,R21EY021312,8456349,Rebecca L Carrier,True,NORTHEASTERN UNIVERSITY,True,0
753233,1F32AR061238-01,F32AR061238,8083867,Christopher James Hasson,True,NORTHEASTERN UNIVERSITY,True,0
756317,1R21HL108187-01,R21HL108187,9482647,Jane Steele Saczynski,True,UNIV OF MASSACHUSETTS MED SCH WORCESTER,False,0
756550,1R01HL105216-01,R01HL105216,1862927,Brian  O'Rourke,False,JOHNS HOPKINS UNIVERSITY,False,0
756550,1R01HL105216-01,R01HL105216,1974428,NATALIA A. TRAYANOVA,False,JOHNS HOPKINS UNIVERSITY,False,1
756550,1R01HL105216-01,R01HL105216,1865780,RAIMOND Lester WINSLOW,True,JOHNS HOPKINS UNIVERSITY,False,2
756835,1R01CA158219-01,R01CA158219,7854251,TIMOTHY W. BICKMORE,False,BOSTON MEDICAL CENTER,False,0
756835,1R01CA158219-01,R01CA158219,8641729,Michael  Paasche-Orlow,True,BOSTON MEDICAL CENTER,False,1
759282,1R01HL103727-01A1,R01HL103727,1865780,RAIMOND Lester WINSLOW,True,JOHNS HOPKINS UNIVERSITY,False,0
759399,1R01GM100473-01,R01GM100473,8346526,Eduardo  Sontag,True,"RUTGERS, THE STATE UNIV OF N.J.",False,0
772763,7R03HS020931-03,R03HS020931,6832200,TIMOTHY J HOFF,True,NORTHEASTERN UNIVERSITY,True,0
934039,1R01AI090662-01,R01AI090662,6620313,Rodney Kiplin Guy,False,MEDICINES FOR MALARIA VENTURE,False,0
934039,1R01AI090662-01,R01AI090662,2060871,SPENCER A KNAPP,False,MEDICINES FOR MALARIA VENTURE,False,1
934039,1R01AI090662-01,R01AI090662,7353927,DENNIS E KYLE,False,MEDICINES FOR MALARIA VENTURE,False,2
934039,1R01AI090662-01,R01AI090662,8660324,Roman  Manetsch,False,MEDICINES FOR MALARIA VENTURE,False,3
934039,1R01AI090662-01,R01AI090662,10947135,David  Waterson,True,MEDICINES FOR MALARIA VENTURE,False,4
1109959,5P41RR008630-16,P41RR008630,1932843,LEE  MAKOWSKI,True,ILLINOIS INSTITUTE OF TECHNOLOGY,False,0
1112588,5P41RR000862-38,P41RR000862,1867929,Diomedes E. Logothetis,True,ROCKEFELLER UNIVERSITY,False,0
848719,1R21DA032020-01A1,R21DA032020,9525534,Jason Jianxin Guo,True,NORTHEASTERN UNIVERSITY,True,0
848889,7K01HG006441-02,K01HG006441,10757551,Laura  Senier,True,NORTHEASTERN UNIVERSITY,True,0
849596,9R01GM103725-04,R01GM103725,8702983,Predrag  Radivojac,True,TRUSTEES OF INDIANA UNIVERSITY,False,0
849982,1R01NR013500-01A1,R01NR013500,3093898,MARIAN Stewart BARTLETT,False,"UNIVERSITY OF CALIFORNIA, SAN DIEGO",False,0
849982,1R01NR013500-01A1,R01NR013500,11310357,Kenneth Denton Craig,False,"UNIVERSITY OF CALIFORNIA, SAN DIEGO",False,1
849982,1R01NR013500-01A1,R01NR013500,2050019,Jeannie S Huang,True,"UNIVERSITY OF CALIFORNIA, SAN DIEGO",False,2
849982,1R01NR013500-01A1,R01NR013500,9902926,Rana  el Kaliouby,False,"UNIVERSITY OF CALIFORNIA, SAN DIEGO",False,3
850519,1R01HD069381-01A1,R01HD069381,6062879,CHARLES H HILLMAN,False,UNIVERSITY OF ILLINOIS AT URBANA-CHAMPAIGN,False,0
850519,1R01HD069381-01A1,R01HD069381,1889467,ARTHUR F. KRAMER,True,UNIVERSITY OF ILLINOIS AT URBANA-CHAMPAIGN,False,1
850766,1R01GM101135-01A1,R01GM101135,6277680,JOHN R ENGEN,True,NORTHEASTERN UNIVERSITY,True,0
851634,1R01GM098117-01A1,R01GM098117,8456349,Rebecca L Carrier,True,NORTHEASTERN UNIVERSITY,True,0
851635,1R21EB015750-01A1,R21EB015750,8456349,Rebecca L Carrier,True,NORTHEASTERN UNIVERSITY,True,0
853187,8P20GM103480-05,P20GM103480,7688935,TATIANA K BRONICH,True,UNIVERSITY OF NEBRASKA MEDICAL CENTER,False,0
853823,1R21HG006873-01,R21HG006873,6247383,JONAS  KORLACH,False,NORTHEASTERN UNIVERSITY,True,0
853823,1R21HG006873-01,R21HG006873,10207597,Meni  Wanunu,True,NORTHEASTERN UNIVERSITY,True,1
854078,1R01GM101396-01,R01GM101396,2444920,ZHAOHUI SUNNY ZHOU,True,NORTHEASTERN UNIVERSITY,True,0
854849,1R21MH098006-01,R21MH098006,6600278,REBECCA M SHANSKY,True,NORTHEASTERN UNIVERSITY,True,0
855617,1R01MH096707-01,R01MH096707,1890648,Alisa K. Lincoln,True,NORTHEASTERN UNIVERSITY,True,0
855643,1R21CA158917-01A1,R21CA158917,10404679,Amy Shirong Lu,True,NORTHWESTERN UNIVERSITY,False,0
856119,1F32AI098358-01,F32AI098358,10886129,Edward  Geisinger,True,TUFTS UNIVERSITY BOSTON,False,0
856285,1R21HL108018-01A1,R21HL108018,9629087,Genevieve Fridlund Dunton,False,NORTHEASTERN UNIVERSITY,True,0
856285,1R21HL108018-01A1,R21HL108018,7667301,STEPHEN S INTILLE,True,NORTHEASTERN UNIVERSITY,True,1
920766,1R01ES021726-01,R01ES021726,7551861,JULIA Green BRODY,True,SILENT SPRING INSTITUTE,False,0
920766,1R01ES021726-01,R01ES021726,1911156,Philip M. Brown,False,SILENT SPRING INSTITUTE,False,1
920766,1R01ES021726-01,R01ES021726,6093680,LATANYA  SWEENEY,False,SILENT SPRING INSTITUTE,False,2
921263,7R21CA174401-03,R21CA174401,10513357,Tania Tali Konry,True,NORTHEASTERN UNIVERSITY,True,0
925665,7R21HD072280-03,R21HD072280,1894965,Jonathan Lee Tilly,True,NORTHEASTERN UNIVERSITY,True,0
925665,7R21HD072280-03,R21HD072280,10376640,Ning  Wang,False,NORTHEASTERN UNIVERSITY,True,1
931046,1R21MH099605-01,R21MH099605,2201948,Lisa Feldman Barrett,True,MASSACHUSETTS GENERAL HOSPITAL,False,0
931721,7R01CA153354-02,R01CA153354,1950357,CHANGYAN  CHEN,True,NORTHEASTERN UNIVERSITY,True,0
1107779,2P01GM078586-06,P01GM078586,10936814,Herbert  Levine,True,"UNIVERSITY OF CALIFORNIA, SAN DIEGO",False,0
917334,1R13GM109242-01,R13GM109242,2102015,GEORGE A O'DOHERTY,True,GORDON RESEARCH CONFERENCES,False,0
921406,7R01HL118245-05,R01HL118245,9706986,Guohao  Dai,True,NORTHEASTERN UNIVERSITY,True,0
923022,1R21AI099745-01A1,R21AI099745,8571552,Slava Simon Epstein,True,NORTHEASTERN UNIVERSITY,True,0
923242,4R00DA029635-03,R00DA029635,9113546,CAMRON D BRYANT,True,BOSTON UNIVERSITY MEDICAL CAMPUS,False,0
924366,1U01CA174706-01,U01CA174706,1880416,Vito  Quaranta,False,VANDERBILT UNIVERSITY,False,0
924366,1U01CA174706-01,U01CA174706,7992898,Thomas E Yankeelov,True,VANDERBILT UNIVERSITY,False,1
925163,1R01EY023582-01,R01EY023582,8539970,Aaron R Seitz,True,UNIVERSITY OF CALIFORNIA RIVERSIDE,False,0
926884,2R01DA003801-23A1,R01DA003801,6274976,Alexandros  Makriyannis,True,NORTHEASTERN UNIVERSITY,True,0
931362,1R15NR013274-01A1,R15NR013274,9970625,Lichuan  Ye,True,BOSTON COLLEGE,False,0
931992,1R01HL114437-01A1,R01HL114437,6835030,MARIO C. DENG,False,UNIVERSITY OF CALIFORNIA LOS ANGELES,False,0
931992,1R01HL114437-01A1,R01HL114437,7792457,ALAIN S KARMA,False,UNIVERSITY OF CALIFORNIA LOS ANGELES,False,1
931992,1R01HL114437-01A1,R01HL114437,1891176,Aldons Jake Lusis,False,UNIVERSITY OF CALIFORNIA LOS ANGELES,False,2
931992,1R01HL114437-01A1,R01HL114437,1880855,Yibin  Wang,False,UNIVERSITY OF CALIFORNIA LOS ANGELES,False,3
931992,1R01HL114437-01A1,R01HL114437,1862918,James N Weiss,True,UNIVERSITY OF CALIFORNIA LOS ANGELES,False,4
932086,1R21MH097182-01A1,R21MH097182,8925462,Heather C Brenhouse,True,NORTHEASTERN UNIVERSITY,True,0
932315,1R03AA022232-01,R03AA022232,7261471,Robert F. Leeman,True,YALE UNIVERSITY,False,0
934147,1R01HL116448-01A1,R01HL116448,7854251,TIMOTHY W. BICKMORE,False,STANFORD UNIVERSITY,False,0
934147,1R01HL116448-01A1,R01HL116448,1869137,ABBY C KING,True,STANFORD UNIVERSITY,False,1
981927,1R21DC013095-01A1,R21DC013095,7258819,RUPAL  PATEL,True,NORTHEASTERN UNIVERSITY,True,0
1090545,2P20GM103480-06,P20GM103480,7688935,TATIANA K BRONICH,True,UNIVERSITY OF NEBRASKA MEDICAL CENTER,False,0
1095961,2P20GM103480-06,P20GM103480,7688935,TATIANA K BRONICH,True,UNIVERSITY OF NEBRASKA MEDICAL CENTER,False,0
952103,1R01MH105524-01,R01MH105524,7852260,LILIA M IAKOUCHEVA,True,"UNIVERSITY OF CALIFORNIA, SAN DIEGO",False,0
952103,1R01MH105524-01,R01MH105524,8702983,Predrag  Radivojac,False,"UNIVERSITY OF CALIFORNIA, SAN DIEGO",False,1
952433,1R01EY024717-01,R01EY024717,9632867,Ganesh A Thakur,True,NORTHEASTERN UNIVERSITY,True,0
954219,4R33DA032020-03,R33DA032020,9525534,Jason Jianxin Guo,True,NORTHEASTERN UNIVERSITY,True,0
954799,1R13HG007807-01,R13HG007807,8702983,Predrag  Radivojac,True,TRUSTEES OF INDIANA UNIVERSITY,False,0
956330,1R25CA174650-01A1,R25CA174650,7949694,SRINIVAS  SRIDHAR,True,NORTHEASTERN UNIVERSITY,True,0
958149,1F31DC013925-01,F31DC013925,11866568,Kristen M. Allison,True,UNIVERSITY OF WISCONSIN-MADISON,False,0
962706,1R01AI110578-01,R01AI110578,7736154,Richard E. Lee,True,ST. JUDE CHILDREN'S RESEARCH HOSPITAL,False,0
962706,1R01AI110578-01,R01AI110578,2419436,Kim  Lewis,False,ST. JUDE CHILDREN'S RESEARCH HOSPITAL,False,1
964009,1R21HD076164-01A1,R21HD076164,2201948,Lisa Feldman Barrett,True,MASSACHUSETTS GENERAL HOSPITAL,False,0
966721,1K99HL122513-01A1,K99HL122513,10529584,Harikrishnan  Parameswaran,True,BOSTON UNIVERSITY (CHARLES RIVER CAMPUS),False,0
966748,1R21MH103718-01A1,R21MH103718,10312927,ANNA Waclawa SROMEK,True,MCLEAN HOSPITAL,False,0
970483,1R01AI114685-01,R01AI114685,10430236,Miguel A Navarro,False,NORTHEASTERN UNIVERSITY,True,0
970483,1R01AI114685-01,R01AI114685,1922603,MICHAEL P POLLASTRI,True,NORTHEASTERN UNIVERSITY,True,1
972034,1R01GM110268-01,R01GM110268,8876531,Erin Jean Cram,True,NORTHEASTERN UNIVERSITY,True,0
972366,1R21CA178589-01A1,R21CA178589,1880416,Vito  Quaranta,True,VANDERBILT UNIVERSITY,False,0
973662,1R56AI099476-01A1,R56AI099476,1862180,KOJO A. MENSA-WILMOT,True,UNIVERSITY OF GEORGIA,False,0
973662,1R56AI099476-01A1,R56AI099476,1922603,MICHAEL P POLLASTRI,False,UNIVERSITY OF GEORGIA,False,1
974304,1R03DA038287-01,R03DA038287,9113546,CAMRON D BRYANT,True,BOSTON UNIVERSITY MEDICAL CAMPUS,False,0
977134,1R21CA179286-01A1,R21CA179286,1881249,Vladimir P Torchilin,True,NORTHEASTERN UNIVERSITY,True,0
977158,1R21EB018764-01,R21EB018764,7258819,RUPAL  PATEL,True,NORTHEASTERN UNIVERSITY,True,0
978083,1G13LM012056-01,G13LM012056,8604852,Daniel  Kim,True,NORTHEASTERN UNIVERSITY,True,0
978739,1R21DA037575-01,R21DA037575,8031062,SPIRO  PAVLOPOULOS,True,NORTHEASTERN UNIVERSITY,True,0
978818,1R43GM112403-01,R43GM112403,15126942,Samuel Hue-Kay Chung,True,"PHYSICAL SCIENCES, INC",False,0
980881,7R01NS085122-03,R01NS085122,9105715,Eugene  Tunik,True,NORTHEASTERN UNIVERSITY,True,0
982353,1R01CA186193-01,R01CA186193,1880416,Vito  Quaranta,True,VANDERBILT UNIVERSITY,False,0
982353,1R01CA186193-01,R01CA186193,11163107,Erin C Rericha,False,VANDERBILT UNIVERSITY,False,1
982353,1R01CA186193-01,R01CA186193,7992898,Thomas E Yankeelov,False,VANDERBILT UNIVERSITY,False,2
986642,1R13ES025102-01,R13ES025102,1911156,Philip M. Brown,True,NORTHEASTERN UNIVERSITY,True,0
988741,1R21CA179652-01A1,R21CA179652,1966327,Mansoor M. Amiji,True,NORTHEASTERN UNIVERSITY,True,0
988741,1R21CA179652-01A1,R21CA179652,10469771,Arun  Iyer,False,NORTHEASTERN UNIVERSITY,True,1
989777,1R01HL118455-01A1,R01HL118455,6488637,ALBERT-LASZLO  BARABASI,False,BRIGHAM AND WOMEN'S HOSPITAL,False,0
989777,1R01HL118455-01A1,R01HL118455,1895984,FRANK D. GILLILAND,False,BRIGHAM AND WOMEN'S HOSPITAL,False,1
989777,1R01HL118455-01A1,R01HL118455,7367919,Benjamin Alexander Raby,True,BRIGHAM AND WOMEN'S HOSPITAL,False,2
1089343,1P01HD075750-01A1,P01HD075750,1893351,CRAIG F FERRIS,True,NORTHEASTERN UNIVERSITY,True,0
1093921,2P01DA009158-15A1,P01DA009158,6274976,Alexandros  Makriyannis,True,NORTHEASTERN UNIVERSITY,True,0
1095591,2P01DA009158-15A1,P01DA009158,6274976,Alexandros  Makriyannis,True,NORTHEASTERN UNIVERSITY,True,0
1095790,2P01DA009158-15A1,P01DA009158,10700672,Spyros P Nikas,True,NORTHEASTERN UNIVERSITY,True,0
1095800,3P42ES017198-05S1,P42ES017198,1911156,Philip M. Brown,True,NORTHEASTERN UNIVERSITY,True,0
1096018,2P42ES017198-05,P42ES017198,7008865,DAVID R KAELI,True,NORTHEASTERN UNIVERSITY,True,0
1096332,2P42ES017198-05,P42ES017198,8861454,Thomas Clair Sheahan,True,NORTHEASTERN UNIVERSITY,True,0
1097148,3P42ES017198-05S1,P42ES017198,9338949,Akram N Alshawabkeh,True,NORTHEASTERN UNIVERSITY,True,0
1097701,2P42ES017198-05,P42ES017198,1911156,Philip M. Brown,True,NORTHEASTERN UNIVERSITY,True,0
1106361,3P42ES017198-05S2,P42ES017198,9338949,Akram N Alshawabkeh,True,NORTHEASTERN UNIVERSITY,True,0
1107878,2P42ES017198-05,P42ES017198,1872760,ROGER Wallace GIESE,True,NORTHEASTERN UNIVERSITY,True,0
1110927,1U54GM111274-01,U54GM111274,8900222,Alessandro  Vespignani,True,FRED HUTCHINSON CANCER RESEARCH CENTER,False,0
1113526,1P20NR015320-01,P20NR015320,7033968,Carmen Castaneda Sceppa,True,NORTHEASTERN UNIVERSITY,True,0
1116258,1P01HD075750-01A1,P01HD075750,1893351,CRAIG F FERRIS,True,NORTHEASTERN UNIVERSITY,True,0
1050711,1K01HL125499-01,K01HL125499,10036188,Eno Essien Ebong,True,NORTHEASTERN UNIVERSITY,True,0
1050748,1R01CA199673-01,R01CA199673,8567847,Jennifer G Dy,False,SLOAN-KETTERING INST CAN RESEARCH,False,0
1050748,1R01CA199673-01,R01CA199673,6772572,MILIND  RAJADHYAKSHA,True,SLOAN-KETTERING INST CAN RESEARCH,False,1
1051293,1R01DA039168-01A1,R01DA039168,9113546,CAMRON D BRYANT,True,BOSTON UNIVERSITY MEDICAL CAMPUS,False,0
1051628,1P50ES026049-01,P50ES026049,9338949,Akram N Alshawabkeh,True,NORTHEASTERN UNIVERSITY,True,0
1052078,1R13DA040423-01,R13DA040423,6274976,Alexandros  Makriyannis,True,NORTHEASTERN UNIVERSITY,True,0
1053140,1R01HD080780-01A1,R01HD080780,8537090,Christie Jade Rizzo,True,NORTHEASTERN UNIVERSITY,True,0
1055769,1R21DA038738-01A1,R21DA038738,9113546,CAMRON D BRYANT,True,BOSTON UNIVERSITY MEDICAL CAMPUS,False,0
1056071,7R01GM114365-02,R01GM114365,8876535,Qianqian  Fang,True,NORTHEASTERN UNIVERSITY,True,0
1057749,4R00AG042026-03,R00AG042026,10310637,Mohammad Abbas Yaseen,True,MASSACHUSETTS GENERAL HOSPITAL,False,0
1060286,1R13HL127994-01,R13HL127994,6194541,Marsha W ROLLE,False,NORTH AMERICAN VASCULAR BIOLOGY ORG,False,0
1060286,1R13HL127994-01,R13HL127994,1887665,Martin A Schwartz,True,NORTH AMERICAN VASCULAR BIOLOGY ORG,False,1
1061334,1K22CA181611-01A1,K22CA181611,9757056,Bryan Quilty Spring,True,NORTHEASTERN UNIVERSITY,True,0
1062006,1R01DA039073-01A1,R01DA039073,9632632,LEO  BELETSKY,False,"UNIVERSITY OF CALIFORNIA, SAN DIEGO",False,0
1062006,1R01DA039073-01A1,R01DA039073,3104126,Steffanie A Strathdee,True,"UNIVERSITY OF CALIFORNIA, SAN DIEGO",False,1
1062168,1R01HD087089-01,R01HD087089,7618869,Dagmar  Sternad,True,NORTHEASTERN UNIVERSITY,True,0
1063225,1R25ES025496-01,R25ES025496,9338949,Akram N Alshawabkeh,True,NORTHEASTERN UNIVERSITY,True,0
1063225,1R25ES025496-01,R25ES025496,7867098,Helen  Suh,False,NORTHEASTERN UNIVERSITY,True,1
1063775,1R21AG049239-01A1,R21AG049239,9352573,Chad Eric Darling,True,UNIV OF MASSACHUSETTS MED SCH WORCESTER,False,0
1063775,1R21AG049239-01A1,R21AG049239,9482647,Jane Steele Saczynski,False,UNIV OF MASSACHUSETTS MED SCH WORCESTER,False,1
1063838,7R01LM012086-02,R01LM012086,12144449,Randolph  Bias,False,NORTHEASTERN UNIVERSITY,True,0
1063838,7R01LM012086-02,R01LM012086,12277526,Iain  Marshall,False,NORTHEASTERN UNIVERSITY,True,1
1063838,7R01LM012086-02,R01LM012086,9743241,Thomas  Trikalinos,False,NORTHEASTERN UNIVERSITY,True,2
1063838,7R01LM012086-02,R01LM012086,11475008,BYRON CASEY WALLACE,True,NORTHEASTERN UNIVERSITY,True,3
1064119,1R01NS091421-01A1,R01NS091421,7598941,ARMEN  STEPANYANTS,True,NORTHEASTERN UNIVERSITY,True,0
1064928,1U01CA198910-01,U01CA198910,7688935,TATIANA K BRONICH,False,UNIV OF NORTH CAROLINA CHAPEL HILL,False,0
1064928,1U01CA198910-01,U01CA198910,1878357,ALEXANDER V KABANOV,True,UNIV OF NORTH CAROLINA CHAPEL HILL,False,1
1064928,1U01CA198910-01,U01CA198910,7040376,Rihe  Liu,False,UNIV OF NORTH CAROLINA CHAPEL HILL,False,2
1065559,1R01DC014281-01A1,R01DC014281,7015843,Jonathan E Peelle,True,WASHINGTON UNIVERSITY,False,0
1066141,1R15GM113155-01,R15GM113155,9812235,Matthew L Becker,False,UNIVERSITY OF AKRON,False,0
1066141,1R15GM113155-01,R15GM113155,7920663,REBECCA K WILLITS,True,UNIVERSITY OF AKRON,False,1
1066234,1T32ES023769-01A1,T32ES023769,7551861,JULIA Green BRODY,False,NORTHEASTERN UNIVERSITY,True,0
1066234,1T32ES023769-01A1,T32ES023769,1911156,Philip M. Brown,True,NORTHEASTERN UNIVERSITY,True,1
1066487,1R01HL124315-01A1,R01HL124315,9567340,Mark Jonathan Niedre,True,NORTHEASTERN UNIVERSITY,True,0
1067056,1R01AG049006-01A1,R01AG049006,11134666,Susanne M Jaeggi,True,UNIVERSITY OF CALIFORNIA-IRVINE,False,0
1095019,1P50ES026049-01,P50ES026049,1911156,Philip M. Brown,True,NORTHEASTERN UNIVERSITY,True,0
1114660,1P50ES026049-01,P50ES026049,9338949,Akram N Alshawabkeh,True,NORTHEASTERN UNIVERSITY,True,0
1116720,2P01DA028555-06A1,P01DA028555,7688935,TATIANA K BRONICH,True,UNIVERSITY OF NEBRASKA MEDICAL CENTER,False,0
1142375,1R01CA200844-01,R01CA200844,1881249,Vladimir P Torchilin,True,NORTHEASTERN UNIVERSITY,True,0
1254703,7R21HS024330-02,R21HS024330,9970625,Lichuan  Ye,True,NORTHEASTERN UNIVERSITY,True,0
1089127,5P01HD075750-02,P01HD075750,1874015,CAROL SUE CARTER PORGES,True,NORTHEASTERN UNIVERSITY,True,0
1089431,1P01AI118687-01A1,P01AI118687,2419436,Kim  Lewis,True,NORTHEASTERN UNIVERSITY,True,0
1092921,1P01AI118687-01A1,P01AI118687,2419436,Kim  Lewis,True,NORTHEASTERN UNIVERSITY,True,0
1102093,5P01HD075750-02,P01HD075750,1874015,CAROL SUE CARTER PORGES,True,NORTHEASTERN UNIVERSITY,True,0
1134546,1R03HS025024-01,R03HS025024,11475008,BYRON CASEY WALLACE,True,NORTHEASTERN UNIVERSITY,True,0
1136120,1R01CA204443-01,R01CA204443,8876535,Qianqian  Fang,True,NORTHEASTERN UNIVERSITY,True,0
1137452,7R21HL129468-02,R21HL129468,10529584,Harikrishnan  Parameswaran,True,NORTHEASTERN UNIVERSITY,True,0
1137504,1R01DC015309-01,R01DC015309,1877388,Paul Albert Fuchs,False,JOHNS HOPKINS UNIVERSITY,False,0
1137504,1R01DC015309-01,R01DC015309,1865780,RAIMOND Lester WINSLOW,True,JOHNS HOPKINS UNIVERSITY,False,1
1137799,1R01NR016131-01,R01NR016131,7854251,TIMOTHY W. BICKMORE,False,BOSTON MEDICAL CENTER,False,0
1137799,1R01NR016131-01,R01NR016131,8641729,Michael  Paasche-Orlow,True,BOSTON MEDICAL CENTER,False,1
1137951,1R01GM120272-01,R01GM120272,7894575,Alexander R. Ivanov,True,NORTHEASTERN UNIVERSITY,True,0
1138040,1R01HG009186-01,R01HG009186,10207597,Meni  Wanunu,True,NORTHEASTERN UNIVERSITY,True,0
1140669,1R01AI122286-01A1,R01AI122286,1859206,Linden T Hu,False,NORTHEASTERN UNIVERSITY,True,0
1140669,1R01AI122286-01A1,R01AI122286,2419436,Kim  Lewis,True,NORTHEASTERN UNIVERSITY,True,1
1141062,1U01CA193632-01A1,U01CA193632,2201948,Lisa Feldman Barrett,True,NORTHEASTERN UNIVERSITY,True,0
1141907,1P01AI118687-01A1,P01AI118687,2419436,Kim  Lewis,True,NORTHEASTERN UNIVERSITY,True,0
1142321,1R21DE025355-01A1,R21DE025355,8571552,Slava Simon Epstein,True,NORTHEASTERN UNIVERSITY,True,0
1142321,1R21DE025355-01A1,R21DE025355,12451153,Adam Brad Hall,False,NORTHEASTERN UNIVERSITY,True,1
1142985,7R01AR069671-06,R01AR069671,9237959,Andreia M. Ionescu,True,NORTHEASTERN UNIVERSITY,True,0
1143092,1R25EB023929-01,R25EB023929,9499869,Olga  Vitek,True,NORTHEASTERN UNIVERSITY,True,0
1144059,1R43GM117932-01,R43GM117932,7894575,Alexander R. Ivanov,False,"COVARIS, INC.",False,0
1144059,1R43GM117932-01,R43GM117932,9008520,Gregory John Kellogg,True,"COVARIS, INC.",False,1
1145747,1R21EB023025-01,R21EB023025,1966327,Mansoor M. Amiji,False,NORTHEASTERN UNIVERSITY,True,0
1145747,1R21EB023025-01,R21EB023025,9785965,Jonghan  Kim,True,NORTHEASTERN UNIVERSITY,True,1
1145831,1U01CA201777-01,U01CA201777,1860004,MIEN-CHIE  HUNG,False,MASIMO CORPORATION,False,0
1145831,1U01CA201777-01,U01CA201777,8968446,Dmitri  Lapotko,True,MASIMO CORPORATION,False,1
1145831,1U01CA201777-01,U01CA201777,1881249,Vladimir P Torchilin,False,MASIMO CORPORATION,False,2
1146776,1P01HL132825-01,P01HL132825,6488637,ALBERT-LASZLO  BARABASI,True,BRIGHAM AND WOMEN'S HOSPITAL,False,0
1147003,7R21AA023368-02,R21AA023368,7261471,Robert F. Leeman,True,UNIVERSITY OF FLORIDA,False,0
1147748,1R21HD083587-01A1,R21HD083587,7553181,BETH Ellen MOLNAR,True,NORTHEASTERN UNIVERSITY,True,0
1148591,1R01DK109316-01,R01DK109316,10404679,Amy Shirong Lu,True,NORTHEASTERN UNIVERSITY,True,0
1148718,2R01MH111742-06,R01MH111742,11134666,Susanne M Jaeggi,False,NORTHEASTERN UNIVERSITY,True,0
1148718,2R01MH111742-06,R01MH111742,8539970,Aaron R Seitz,True,NORTHEASTERN UNIVERSITY,True,1
1149019,1R01DA041435-01,R01DA041435,6274976,Alexandros  Makriyannis,False,UNIVERSITY OF SOUTHERN CALIFORNIA,False,0
1149019,1R01DA041435-01,R01DA041435,1901104,RAYMOND C STEVENS,True,UNIVERSITY OF SOUTHERN CALIFORNIA,False,1
1149665,1R01MH107556-01A1,R01MH107556,8925462,Heather C Brenhouse,True,NORTHEASTERN UNIVERSITY,True,0
1149749,1R01DC015051-01,R01DC015051,9489678,David A. Eddins,False,OREGON HEALTH & SCIENCE UNIVERSITY,False,0
1149749,1R01DC015051-01,R01DC015051,7689055,FREDERICK J. GALLUN,True,OREGON HEALTH & SCIENCE UNIVERSITY,False,1
1149749,1R01DC015051-01,R01DC015051,8539970,Aaron R Seitz,False,OREGON HEALTH & SCIENCE UNIVERSITY,False,2
1149950,1R01EB021908-01,R01EB021908,8456349,Rebecca L Carrier,True,NORTHEASTERN UNIVERSITY,True,0
1149950,1R01EB021908-01,R01EB021908,1893068,LINDA G GRIFFITH,False,NORTHEASTERN UNIVERSITY,True,1
1149985,1R01AI124046-01,R01AI124046,1862180,KOJO A. MENSA-WILMOT,False,NORTHEASTERN UNIVERSITY,True,0
1149985,1R01AI124046-01,R01AI124046,1922603,MICHAEL P POLLASTRI,True,NORTHEASTERN UNIVERSITY,True,1
1151012,1R21DA042583-01,R21DA042583,7949694,SRINIVAS  SRIDHAR,True,NORTHEASTERN UNIVERSITY,True,0
1152380,1F31NR015975-01A1,F31NR015975,11909278,Moka  Yoo-Jeong,True,EMORY UNIVERSITY,False,0
1152481,1R01HL126911-01A1,R01HL126911,10491166,David D. McManus,True,UNIV OF MASSACHUSETTS MED SCH WORCESTER,False,0
1152481,1R01HL126911-01A1,R01HL126911,9482647,Jane Steele Saczynski,False,UNIV OF MASSACHUSETTS MED SCH WORCESTER,False,1
1206994,1R21AI127594-01,R21AI127594,1922603,MICHAEL P POLLASTRI,True,NORTHEASTERN UNIVERSITY,True,0
1195411,1R21HD090680-01,R21HD090680,9706986,Guohao  Dai,True,NORTHEASTERN UNIVERSITY,True,0
1195411,1R21HD090680-01,R21HD090680,10454425,Yi  Hong,False,NORTHEASTERN UNIVERSITY,True,1
1214065,1R21DC015884-01A1,R21DC015884,7015843,Jonathan E Peelle,True,WASHINGTON UNIVERSITY,False,0
1216679,1R01MH109464-01A1,R01MH109464,2201948,Lisa Feldman Barrett,True,MASSACHUSETTS GENERAL HOSPITAL,False,0
1221651,1R21HD089731-01A1,R21HD089731,7255641,PAWAN  SINHA,False,NORTHEASTERN UNIVERSITY,True,0
1221651,1R21HD089731-01A1,R21HD089731,7618869,Dagmar  Sternad,True,NORTHEASTERN UNIVERSITY,True,1
1227464,1F31DC015940-01A1,F31DC015940,12429603,Erin Lynn Meier,True,BOSTON UNIVERSITY (CHARLES RIVER CAMPUS),False,0
1234290,1F32GM120929-01A1,F32GM120929,11314282,Sara Hakim Rouhanifard,True,UNIVERSITY OF PENNSYLVANIA,False,0
1241510,1K02AG054665-01,K02AG054665,11134666,Susanne M Jaeggi,True,UNIVERSITY OF CALIFORNIA-IRVINE,False,0
1241596,1P01DA041307-01,P01DA041307,6274976,Alexandros  Makriyannis,True,UNIVERSITY OF ARIZONA,False,0
1242115,1R13ES028097-01,R13ES028097,1911156,Philip M. Brown,True,NORTHEASTERN UNIVERSITY,True,0
1267594,1U01CA215845-01,U01CA215845,9105639,Carlos Federico Lopez,False,VANDERBILT UNIVERSITY,False,0
1267594,1U01CA215845-01,U01CA215845,1880416,Vito  Quaranta,True,VANDERBILT UNIVERSITY,False,1
1268071,1R01AI126311-01A1,R01AI126311,1862180,KOJO A. MENSA-WILMOT,True,UNIVERSITY OF GEORGIA,False,0
1268071,1R01AI126311-01A1,R01AI126311,1922603,MICHAEL P POLLASTRI,False,UNIVERSITY OF GEORGIA,False,1
1268404,7K23AR070913-04,K23AR070913,14129889,Joshua Jon Stefanik,True,NORTHEASTERN UNIVERSITY,True,0
1270145,1U01FD005773-01,U01FD005773,1973453,DIANE JANE BURGESS,True,UNIVERSITY OF CONNECTICUT STORRS,False,0
1270145,1U01FD005773-01,U01FD005773,9777544,Bodhisattwa  Chaudhuri,False,UNIVERSITY OF CONNECTICUT STORRS,False,1
1270145,1U01FD005773-01,U01FD005773,78930354,Jie  Shen,False,UNIVERSITY OF CONNECTICUT STORRS,False,2
1271105,1R03HD094234-01,R03HD094234,7689055,FREDERICK J. GALLUN,False,UNIVERSITY OF CALIFORNIA RIVERSIDE,False,0
1271105,1R03HD094234-01,R03HD094234,8539970,Aaron R Seitz,True,UNIVERSITY OF CALIFORNIA RIVERSIDE,False,1
1271910,1R21HL140436-01,R21HL140436,14509803,Jessica M Oakes,True,NORTHEASTERN UNIVERSITY,True,0
1272569,1R01GM123239-01,R01GM123239,1900772,PENNY J BEUNING,True,NORTHEASTERN UNIVERSITY,True,0
1272569,1R01GM123239-01,R01GM123239,10566466,Dmitry M. Korzhnev,False,NORTHEASTERN UNIVERSITY,True,1
1272730,1R56MH114193-01,R56MH114193,6600278,REBECCA M SHANSKY,True,NORTHEASTERN UNIVERSITY,True,0
1272761,1R01EB023907-01,R01EB023907,8482366,Eben  Alsberg,True,CASE WESTERN RESERVE UNIVERSITY,False,0
1272761,1R01EB023907-01,R01EB023907,6194541,Marsha W ROLLE,False,CASE WESTERN RESERVE UNIVERSITY,False,1
1273033,1R21MD012405-01,R21MD012405,9856602,BEVERLEY HEIDI ELLIS,False,NORTHEASTERN UNIVERSITY,True,0
1273033,1R21MD012405-01,R21MD012405,1890648,Alisa K. Lincoln,True,NORTHEASTERN UNIVERSITY,True,1
1273989,1R56CA198492-01A1,R56CA198492,1966327,Mansoor M. Amiji,True,NORTHEASTERN UNIVERSITY,True,0
1274379,1R01GM121612-01,R01GM121612,11684857,Ke  Zhang,True,NORTHEASTERN UNIVERSITY,True,0
1275124,1R41AG057250-01,R41AG057250,7949694,SRINIVAS  SRIDHAR,True,"NEUROFIELDZ, INC.",False,0
1275452,2R01AG012279-21A1,R01AG012279,1894965,Jonathan Lee Tilly,True,NORTHEASTERN UNIVERSITY,True,0
1275571,7R01EY027857-05,R01EY027857,11757439,MiYoung  Kwon,True,NORTHEASTERN UNIVERSITY,True,0
1276162,1R41DA043974-01,R41DA043974,7949694,SRINIVAS  SRIDHAR,True,"THERANANO, LLC",False,0
1276390,1R21CA213114-01A1,R21CA213114,1966327,Mansoor M. Amiji,True,NORTHEASTERN UNIVERSITY,True,0
1276390,1R21CA213114-01A1,R21CA213114,9815313,Gerardo Guillermo Mackenzie,False,NORTHEASTERN UNIVERSITY,True,1
1277003,1R01DA045020-01,R01DA045020,1903265,Laura M. Bohn,False,NORTHEASTERN UNIVERSITY,True,0
1277003,1R01DA045020-01,R01DA045020,6274976,Alexandros  Makriyannis,True,NORTHEASTERN UNIVERSITY,True,1
1277003,1R01DA045020-01,R01DA045020,1901104,RAYMOND C STEVENS,False,NORTHEASTERN UNIVERSITY,True,2
1297625,1R21EB025395-01,R21EB025395,11950382,Abigail Nelson Koppes,True,NORTHEASTERN UNIVERSITY,True,0
1297625,1R21EB025395-01,R21EB025395,14222834,Ryan Alan Koppes,False,NORTHEASTERN UNIVERSITY,True,1
1297642,1R21DC016030-01A1,R21DC016030,10228793,Emily  Zimmerman,True,NORTHEASTERN UNIVERSITY,True,0
1298845,1R15HL137197-01A1,R15HL137197,6194541,Marsha W ROLLE,True,WORCESTER POLYTECHNIC INSTITUTE,False,0
1322051,7R01DK110770-05,R01DK110770,9850614,Neel Satish Joshi,True,NORTHEASTERN UNIVERSITY,True,0
1330579,1R01HL138247-01,R01HL138247,8604852,Daniel  Kim,True,NORTHEASTERN UNIVERSITY,True,0
1336559,4R00HL122513-03,R00HL122513,10529584,Harikrishnan  Parameswaran,True,NORTHEASTERN UNIVERSITY,True,0
1337310,1T32GM119998-01A1,T32GM119998,1865780,RAIMOND Lester WINSLOW,True,JOHNS HOPKINS UNIVERSITY,False,0
1341532,1R01MH113234-01,R01MH113234,2201948,Lisa Feldman Barrett,True,NORTHEASTERN UNIVERSITY,True,0
1341532,1R01MH113234-01,R01MH113234,7374129,BRADFORD C DICKERSON,False,NORTHEASTERN UNIVERSITY,True,1
1341532,1R01MH113234-01,R01MH113234,7174915,Derek M Isaacowitz,False,NORTHEASTERN UNIVERSITY,True,2
1357166,1P20GM125498-01,P20GM125498,12102182,Samuel V Scarpino,True,UNIVERSITY OF VERMONT & ST AGRIC COLLEGE,False,0
1312491,1R01EB024186-01A1,R01EB024186,6434210,Heather A Clark,True,NORTHEASTERN UNIVERSITY,True,0
1312491,1R01EB024186-01A1,R01EB024186,9567340,Mark Jonathan Niedre,False,NORTHEASTERN UNIVERSITY,True,1
1312956,1R01CA221260-01A1,R01CA221260,9113546,CAMRON D BRYANT,False,VIRGINIA COMMONWEALTH UNIVERSITY,False,0
1312956,1R01CA221260-01A1,R01CA221260,1884461,M. Imad  Damaj,True,VIRGINIA COMMONWEALTH UNIVERSITY,False,1
1320569,1R01CA218500-01A1,R01CA218500,7639019,IONITA Calin GHIRAN,False,NORTHEASTERN UNIVERSITY,True,0
1320569,1R01CA218500-01A1,R01CA218500,7894575,Alexander R. Ivanov,True,NORTHEASTERN UNIVERSITY,True,1
1322903,1U54CA217450-01A1,U54CA217450,1880416,Vito  Quaranta,True,VANDERBILT UNIVERSITY,False,0
1322976,1U54CA217450-01A1,U54CA217450,1880416,Vito  Quaranta,True,VANDERBILT UNIVERSITY,False,0
1322998,1U54CA217450-01A1,U54CA217450,1880416,Vito  Quaranta,True,VANDERBILT UNIVERSITY,False,0
1323254,1R03HL142472-01,R03HL142472,12154383,Chiara  Bellini,False,NORTHEASTERN UNIVERSITY,True,0
1323254,1R03HL142472-01,R03HL142472,14509803,Jessica M Oakes,True,NORTHEASTERN UNIVERSITY,True,1
1328983,1R03EB025903-01,R03EB025903,14585784,Ambika Goel Bajpayee,True,NORTHEASTERN UNIVERSITY,True,0
1329067,1R33CA223908-01,R33CA223908,6923633,Andrew M Evens,False,NORTHEASTERN UNIVERSITY,True,0
1329067,1R33CA223908-01,R33CA223908,9493483,Tony Jun  Huang,False,NORTHEASTERN UNIVERSITY,True,1
1329067,1R33CA223908-01,R33CA223908,10513357,Tania Tali Konry,True,NORTHEASTERN UNIVERSITY,True,2
1330943,1P30GM127200-01,P30GM127200,7688935,TATIANA K BRONICH,True,UNIVERSITY OF NEBRASKA MEDICAL CENTER,False,0
1330944,1P30GM127200-01,P30GM127200,7688935,TATIANA K BRONICH,True,UNIVERSITY OF NEBRASKA MEDICAL CENTER,False,0
1330946,1P30GM127200-01,P30GM127200,7688935,TATIANA K BRONICH,True,UNIVERSITY OF NEBRASKA MEDICAL CENTER,False,0
1330947,1P30GM127200-01,P30GM127200,7688935,TATIANA K BRONICH,True,UNIVERSITY OF NEBRASKA MEDICAL CENTER,False,0
1337096,7K23MH113805-05,K23MH113805,14602973,Donald John Robinaugh,True,NORTHEASTERN UNIVERSITY,True,0
1339223,1R01DA047130-01,R01DA047130,1897870,Raymond G. Booth,True,NORTHEASTERN UNIVERSITY,True,0
1339223,1R01DA047130-01,R01DA047130,10528213,Stephen John Kohut,False,NORTHEASTERN UNIVERSITY,True,1
1339424,1K99EY028229-01A1,K99EY028229,11772548,Jonathan Samir Matthis,True,UNIVERSITY OF TEXAS AT AUSTIN,False,0
1339763,7R35GM128717-03,R35GM128717,10488913,Mingyang  Lu,True,NORTHEASTERN UNIVERSITY,True,0
1339792,4R33DA037575-03,R33DA037575,8031062,SPIRO  PAVLOPOULOS,True,NORTHEASTERN UNIVERSITY,True,0
1340185,1T32AA025877-01A1,T32AA025877,2091694,Robert L Cook,True,UNIVERSITY OF FLORIDA,False,0
1340185,1T32AA025877-01A1,T32AA025877,8088786,ROBERT J LUCERO,False,UNIVERSITY OF FLORIDA,False,1
1340185,1T32AA025877-01A1,T32AA025877,7261471,Robert F. Leeman,False,UNIVERSITY OF FLORIDA,False,2
1354005,1R01GM127714-01A1,R01GM127714,10513357,Tania Tali Konry,True,NORTHEASTERN UNIVERSITY,True,0
1354328,1R56AG058745-01,R56AG058745,2201948,Lisa Feldman Barrett,True,MASSACHUSETTS GENERAL HOSPITAL,False,0
1354328,1R56AG058745-01,R56AG058745,7374129,BRADFORD C DICKERSON,False,MASSACHUSETTS GENERAL HOSPITAL,False,1
1355494,7R01GM130668-06,R01GM130668,15018384,Mauricio  Santillana,True,NORTHEASTERN UNIVERSITY,True,0
1356157,1R21HD095321-01A1,R21HD095321,10228793,Emily  Zimmerman,True,NORTHEASTERN UNIVERSITY,True,0
1356220,1R21EY029167-01,R21EY029167,7010344,Jeffrey W Ruberti,True,NORTHEASTERN UNIVERSITY,True,0
1356226,1R21AG060401-01,R21AG060401,2090576,JEANNE M MADDEN,True,NORTHEASTERN UNIVERSITY,True,0
1356637,1R21DC016086-01A1,R21DC016086,6986266,JOSEPH P CULVER,False,WASHINGTON UNIVERSITY,False,0
1356637,1R21DC016086-01A1,R21DC016086,7015843,Jonathan E Peelle,True,WASHINGTON UNIVERSITY,False,1
1356663,1R36HS025662-01A1,R36HS025662,14307085,Brianne  Olivieri-Mui,True,NORTHEASTERN UNIVERSITY,True,0
1357826,1U01HL146327-01,U01HL146327,9629087,Genevieve Fridlund Dunton,True,UNIVERSITY OF SOUTHERN CALIFORNIA,False,0
1357826,1U01HL146327-01,U01HL146327,7667301,STEPHEN S INTILLE,False,UNIVERSITY OF SOUTHERN CALIFORNIA,False,1
1357896,1R21DA046776-01,R21DA046776,1974741,JAMES C BENNEYAN,True,NORTHEASTERN UNIVERSITY,True,0
1358046,1R01HD091439-01A1,R01HD091439,6706361,Konstantin  Khrapko,False,NORTHEASTERN UNIVERSITY,True,0
1358046,1R01HD091439-01A1,R01HD091439,1894965,Jonathan Lee Tilly,True,NORTHEASTERN UNIVERSITY,True,1
1358046,1R01HD091439-01A1,R01HD091439,9647638,Dori Cousins Woods,False,NORTHEASTERN UNIVERSITY,True,2
1358320,1R01EB026998-01,R01EB026998,8876535,Qianqian  Fang,True,NORTHEASTERN UNIVERSITY,True,0
1359433,7R01AA027097-03,R01AA027097,10310637,Mohammad Abbas Yaseen,True,NORTHEASTERN UNIVERSITY,True,0
1360132,1R01HD094054-01,R01HD094054,6062879,CHARLES H HILLMAN,True,NORTHEASTERN UNIVERSITY,True,0
1360436,1R21DK113344-01A1,R21DK113344,10726644,Idia Binitie Thurston,True,UNIVERSITY OF MEMPHIS,False,0
1360610,7K01AG056554-03,K01AG056554,10895061,Tovah  Day,True,NORTHEASTERN UNIVERSITY,True,0
1364713,1R01AI141966-01,R01AI141966,2419436,Kim  Lewis,True,NORTHEASTERN UNIVERSITY,True,0
1364713,1R01AI141966-01,R01AI141966,8535386,Johan  Paulsson,False,NORTHEASTERN UNIVERSITY,True,1
1369738,1R01EY029713-01,R01EY029713,8872416,Peter John Bex,True,NORTHEASTERN UNIVERSITY,True,0
1370818,1R01HL144615-01,R01HL144615,8581396,Leigh Daniel Plant,True,NORTHEASTERN UNIVERSITY,True,0
1371702,1R21AI141227-01,R21AI141227,1922603,MICHAEL P POLLASTRI,True,NORTHEASTERN UNIVERSITY,True,0
1371891,1R21AI140212-01A1,R21AI140212,1873165,JAMES E KIRBY,False,NORTHEASTERN UNIVERSITY,True,0
1371891,1R21AI140212-01A1,R21AI140212,8660324,Roman  Manetsch,True,NORTHEASTERN UNIVERSITY,True,1
1372706,1R01HD095932-01A1,R01HD095932,8537090,Christie Jade Rizzo,True,NORTHEASTERN UNIVERSITY,True,0
1372820,1R13ES030609-01,R13ES030609,1911156,Philip M. Brown,True,NORTHEASTERN UNIVERSITY,True,0
1374512,1R01AI144464-01,R01AI144464,7353927,DENNIS E KYLE,False,NORTHEASTERN UNIVERSITY,True,0
1374512,1R01AI144464-01,R01AI144464,8660324,Roman  Manetsch,True,NORTHEASTERN UNIVERSITY,True,1
1375437,1R03ES029190-01A1,R03ES029190,1950357,CHANGYAN  CHEN,True,NORTHEASTERN UNIVERSITY,True,0
1376415,1R21AA026918-01A1,R21AA026918,7261471,Robert F. Leeman,True,UNIVERSITY OF FLORIDA,False,0
1391830,1R13AI147353-01,R13AI147353,6877717,MARK C WILLIAMS,True,NORTHEASTERN UNIVERSITY,True,0
1392549,1R21MH120546-01,R21MH120546,6600278,REBECCA M SHANSKY,True,NORTHEASTERN UNIVERSITY,True,0
1471782,1R21EB028385-01,R21EB028385,14585784,Ambika Goel Bajpayee,True,NORTHEASTERN UNIVERSITY,True,0
1473206,1R21HL148747-01,R21HL148747,12154383,Chiara  Bellini,True,NORTHEASTERN UNIVERSITY,True,0
1473868,1R21MH120534-01,R21MH120534,10563600,Sara  Lopez-Pintado,True,NORTHEASTERN UNIVERSITY,True,0
1474193,1R01HD097126-01A1,R01HD097126,8553293,Christopher D. Houck,True,RHODE ISLAND HOSPITAL,False,0
1474193,1R01HD097126-01A1,R01HD097126,8537090,Christie Jade Rizzo,False,RHODE ISLAND HOSPITAL,False,1
1474344,5R01DA041435-04,R01DA041435,6274976,Alexandros  Makriyannis,True,UNIVERSITY OF SOUTHERN CALIFORNIA,False,0
1474344,5R01DA041435-04,R01DA041435,1901104,RAYMOND C STEVENS,False,UNIVERSITY OF SOUTHERN CALIFORNIA,False,1
1474912,1U01FD006721-01,U01FD006721,78930354,Jie  Shen,True,UNIVERSITY OF RHODE ISLAND,False,0
1476404,7R21DC017576-03,R21DC017576,11897178,Zhenghan  Qi,True,NORTHEASTERN UNIVERSITY,True,0
1476807,2R42CA224646-02,R42CA224646,7949694,SRINIVAS  SRIDHAR,True,"THERANANO, LLC",False,0
1477084,1R21DK118449-01A1,R21DK118449,7949694,SRINIVAS  SRIDHAR,True,NORTHEASTERN UNIVERSITY,True,0
1477615,1R56AG059265-01A1,R56AG059265,7015843,Jonathan E Peelle,True,WASHINGTON UNIVERSITY,False,0
1478293,1R21HS027228-01,R21HS027228,12078924,Enrico  Bertini,False,NEW YORK UNIVERSITY SCHOOL OF MEDICINE,False,0
1478293,1R21HS027228-01,R21HS027228,6100294,HEATHER T GOLD,True,NEW YORK UNIVERSITY SCHOOL OF MEDICINE,False,1
1478690,7R56AG058849-02,R56AG058849,10310637,Mohammad Abbas Yaseen,True,NORTHEASTERN UNIVERSITY,True,0
1478774,4R00EY028229-03,R00EY028229,11772548,Jonathan Samir Matthis,True,NORTHEASTERN UNIVERSITY,True,0
1479537,7R01GM129437-04,R01GM129437,8818005,Allison Marie Dennis,True,NORTHEASTERN UNIVERSITY,True,0
1479685,1R15NS109957-01A1,R15NS109957,1947842,PHILIP A. ALLEN,True,UNIVERSITY OF AKRON,False,0
1480127,1R18HS027282-01,R18HS027282,1974741,JAMES C BENNEYAN,False,HARVARD MEDICAL SCHOOL,False,0
1480127,1R18HS027282-01,R18HS027282,6605476,RUSSELL SCOTT PHILLIPS,True,HARVARD MEDICAL SCHOOL,False,1
1480127,1R18HS027282-01,R18HS027282,9348686,Gordon David Schiff,False,HARVARD MEDICAL SCHOOL,False,2
1484932,1R01CA233978-01A1,R01CA233978,6277680,JOHN R ENGEN,True,NORTHEASTERN UNIVERSITY,True,0
1484932,1R01CA233978-01A1,R01CA233978,1902271,Loren David Walensky,False,NORTHEASTERN UNIVERSITY,True,1
1485119,7R01GM137410-05,R01GM137410,14297315,Alina Ionica  Lungeanu,True,NORTHEASTERN UNIVERSITY,True,0
1485119,7R01GM137410-05,R01GM137410,9086276,Griffin M Weber,False,NORTHEASTERN UNIVERSITY,True,1
1485405,1R01AI149612-01,R01AI149612,2419436,Kim  Lewis,True,NORTHEASTERN UNIVERSITY,True,0
1486808,1R21MH122914-01,R21MH122914,6600278,REBECCA M SHANSKY,True,NORTHEASTERN UNIVERSITY,True,0
1489371,2P42ES017198-10,P42ES017198,9338949,Akram N Alshawabkeh,True,NORTHEASTERN UNIVERSITY,True,0
1489595,1R21GM135849-01A1,R21GM135849,8818005,Allison Marie Dennis,True,BOSTON UNIVERSITY (CHARLES RIVER CAMPUS),False,0
1489905,2P42ES017198-10,P42ES017198,1911156,Philip M. Brown,True,NORTHEASTERN UNIVERSITY,True,0
1490063,2P42ES017198-10,P42ES017198,7008865,DAVID R KAELI,True,NORTHEASTERN UNIVERSITY,True,0
1490321,1R21CA246150-01A1,R21CA246150,1896696,ANAND R ASTHAGIRI,True,NORTHEASTERN UNIVERSITY,True,0
1490839,1R21AG067295-01,R21AG067295,1906958,TODD S BRAVER,True,WASHINGTON UNIVERSITY,False,0
1490839,1R21AG067295-01,R21AG067295,7015843,Jonathan E Peelle,False,WASHINGTON UNIVERSITY,False,1
1491403,1R01HD099174-01A1,R01HD099174,10921541,James R Monaghan,True,NORTHEASTERN UNIVERSITY,True,0
1491426,7R01EY031226-04,R01EY031226,7853388,CHRISTOPHER S GREEN,False,NORTHEASTERN UNIVERSITY,True,0
1491426,7R01EY031226-04,R01EY031226,8539970,Aaron R Seitz,True,NORTHEASTERN UNIVERSITY,True,1
1491638,1R01CA226855-01A1,R01CA226855,9757056,Bryan Quilty Spring,True,NORTHEASTERN UNIVERSITY,True,0
1492122,2P42ES017198-10,P42ES017198,9338949,Akram N Alshawabkeh,True,NORTHEASTERN UNIVERSITY,True,0
1492316,2P42ES017198-10,P42ES017198,8861454,Thomas Clair Sheahan,True,NORTHEASTERN UNIVERSITY,True,0
1492504,1K99AG065524-01,K99AG065524,14091857,Seungmoon  Song,True,STANFORD UNIVERSITY,False,0
1493323,2R25ES025496-06,R25ES025496,8861454,Thomas Clair Sheahan,True,NORTHEASTERN UNIVERSITY,True,0
1493565,1R01AI148235-01A1,R01AI148235,1867020,JULIA R KOEHLER,True,BOSTON CHILDREN'S HOSPITAL,False,0
1493565,1R01AI148235-01A1,R01AI148235,1922603,MICHAEL P POLLASTRI,False,BOSTON CHILDREN'S HOSPITAL,False,1
1493706,1R01HG011087-01,R01HG011087,10207597,Meni  Wanunu,True,NORTHEASTERN UNIVERSITY,True,0
1496395,7R01AG066630-05,R01AG066630,12164922,Neha Pravin Gothe,True,NORTHEASTERN UNIVERSITY,True,0
1513450,7U01DA050243-05,U01DA050243,9113546,CAMRON D BRYANT,True,NORTHEASTERN UNIVERSITY,True,0
1513534,1R01CA252966-01,R01CA252966,7667301,STEPHEN S INTILLE,True,NORTHEASTERN UNIVERSITY,True,0
1513534,1R01CA252966-01,R01CA252966,10531316,Dinesh  John,False,NORTHEASTERN UNIVERSITY,True,1
1514386,1R03AG065691-01A1,R03AG065691,9774722,Ning  Zhang,True,UNIVERSITY OF MASSACHUSETTS AMHERST,False,0
1514515,1U01AA028963-01,U01AA028963,6274976,Alexandros  Makriyannis,True,NORTHEASTERN UNIVERSITY,True,0
1514702,1R13ES032309-01,R13ES032309,1900772,PENNY J BEUNING,True,NORTHEASTERN UNIVERSITY,True,0
1515282,1R01NS120579-01,R01NS120579,9035515,Aaron Paul Batista,False,NORTHEASTERN UNIVERSITY,True,0
1515282,1R01NS120579-01,R01NS120579,7618869,Dagmar  Sternad,True,NORTHEASTERN UNIVERSITY,True,1
1516897,1U01IP001137-01,U01IP001137,8900222,Alessandro  Vespignani,True,NORTHEASTERN UNIVERSITY,True,0
1517873,1R01MH123803-01,R01MH123803,6600278,REBECCA M SHANSKY,True,NORTHEASTERN UNIVERSITY,True,0
1518073,1R01AR075121-01A1,R01AR075121,14585784,Ambika Goel Bajpayee,True,NORTHEASTERN UNIVERSITY,True,0
1518360,1R21AG068972-01,R21AG068972,1932843,LEE  MAKOWSKI,True,NORTHEASTERN UNIVERSITY,True,0
1518407,1R01HD101246-01A1,R01HD101246,8467367,DAVID M. HAAS,True,INDIANA UNIVERSITY INDIANAPOLIS,False,0
1518407,1R01HD101246-01A1,R01HD101246,10215409,Sriraam  Natarajan,False,INDIANA UNIVERSITY INDIANAPOLIS,False,1
1518407,1R01HD101246-01A1,R01HD101246,8702983,Predrag  Radivojac,False,INDIANA UNIVERSITY INDIANAPOLIS,False,2
1520994,1R35GM136421-01,R35GM136421,7894575,Alexander R. Ivanov,True,NORTHEASTERN UNIVERSITY,True,0
1521783,1R01CA251730-01,R01CA251730,11684857,Ke  Zhang,True,NORTHEASTERN UNIVERSITY,True,0
1575154,7U18DA052509-02,U18DA052509,10312927,ANNA Waclawa SROMEK,True,NORTHEASTERN UNIVERSITY,True,0
1541281,1R21MD015812-01,R21MD015812,8604852,Daniel  Kim,True,NORTHEASTERN UNIVERSITY,True,0
1541402,1R21CA246413-01A1,R21CA246413,9567340,Mark Jonathan Niedre,True,NORTHEASTERN UNIVERSITY,True,0
1541501,1R56MH123147-01A1,R56MH123147,8925462,Heather C Brenhouse,True,NORTHEASTERN UNIVERSITY,True,0
1541501,1R56MH123147-01A1,R56MH123147,8851306,Kuei-Yuan  Tseng,False,NORTHEASTERN UNIVERSITY,True,1
1541731,1K01HL155236-01,K01HL155236,14410594,Benita A Bamgbade,True,NORTHEASTERN UNIVERSITY,True,0
1542025,1R21AG069428-01A1,R21AG069428,11134666,Susanne M Jaeggi,False,UNIVERSITY OF CALIFORNIA RIVERSIDE,False,0
1542025,1R21AG069428-01A1,R21AG069428,8539970,Aaron R Seitz,True,UNIVERSITY OF CALIFORNIA RIVERSIDE,False,1
1542250,1K99CA248720-01A1,K99CA248720,15654822,Briony  Swire-Thompson,True,NORTHEASTERN UNIVERSITY,True,0
1564747,4R33AI141227-03,R33AI141227,1922603,MICHAEL P POLLASTRI,True,NORTHEASTERN UNIVERSITY,True,0
1566385,1R01AI158388-01,R01AI158388,2419436,Kim  Lewis,True,NORTHEASTERN UNIVERSITY,True,0
1567873,1R01MD016882-01,R01MD016882,7854251,TIMOTHY W. BICKMORE,True,NORTHEASTERN UNIVERSITY,True,0
1567873,1R01MD016882-01,R01MD016882,8641729,Michael  Paasche-Orlow,False,NORTHEASTERN UNIVERSITY,True,1
1567873,1R01MD016882-01,R01MD016882,11490011,Andrea G Parker,False,NORTHEASTERN UNIVERSITY,True,2
1569055,1R21NS121736-01,R21NS121736,9706986,Guohao  Dai,True,NORTHEASTERN UNIVERSITY,True,0
1569055,1R21NS121736-01,R21NS121736,14222834,Ryan Alan Koppes,False,NORTHEASTERN UNIVERSITY,True,1
1574724,1K99EY032547-01,K99EY032547,12422659,Amir  Vahabikashi,True,NORTHWESTERN UNIVERSITY,False,0
1576171,1R21HG011689-01,R21HG011689,10207597,Meni  Wanunu,True,NORTHEASTERN UNIVERSITY,True,0
1576675,1R01AI162996-01,R01AI162996,10886129,Edward  Geisinger,True,NORTHEASTERN UNIVERSITY,True,0
1585924,1R13ES033526-01,R13ES033526,1900772,PENNY J BEUNING,True,NORTHEASTERN UNIVERSITY,True,0
1587989,1G13LM013533-01,G13LM013533,8621541,JONATHAN  KAHN,True,NORTHEASTERN UNIVERSITY,True,0
1588394,4R33DA045882-03,R33DA045882,6274976,Alexandros  Makriyannis,True,NORTHEASTERN UNIVERSITY,True,0
1588489,7R21AG074497-03,R21AG074497,8003762,JOAQUIN A ANGUERA,False,NORTHEASTERN UNIVERSITY,True,0
1588489,7R21AG074497-03,R21AG074497,11134666,Susanne M Jaeggi,False,NORTHEASTERN UNIVERSITY,True,1
1588489,7R21AG074497-03,R21AG074497,8539970,Aaron R Seitz,True,NORTHEASTERN UNIVERSITY,True,2
1589729,1S10OD030510-01,S10OD030510,1884646,David A Boas,True,BOSTON UNIVERSITY (CHARLES RIVER CAMPUS),False,0
1589772,1U24NS124027-01,U24NS124027,8876535,Qianqian  Fang,True,NORTHEASTERN UNIVERSITY,True,0
1589811,1P01AA029543-01,P01AA029543,7261471,Robert F. Leeman,True,UNIVERSITY OF FLORIDA,False,0
1590149,1R03AR077698-01A1,R03AR077698,14129889,Joshua Jon Stefanik,True,NORTHEASTERN UNIVERSITY,True,0
1590330,1U01HG012022-01,U01HG012022,8702983,Predrag  Radivojac,True,NORTHEASTERN UNIVERSITY,True,0
1590775,1K99MH126163-01A1,K99MH126163,16186313,Alexandra Mayorca Rodman,True,HARVARD UNIVERSITY,False,0
1591235,1R01MH127850-01,R01MH127850,8925462,Heather C Brenhouse,True,NORTHEASTERN UNIVERSITY,True,0
1591235,1R01MH127850-01,R01MH127850,8851306,Kuei-Yuan  Tseng,False,NORTHEASTERN UNIVERSITY,True,1
1591697,1G13LM013543-01A1,G13LM013543,15905052,Tiffany Denise Joseph,True,NORTHEASTERN UNIVERSITY,True,0
1592288,1R35GM142741-01,R35GM142741,14222834,Ryan Alan Koppes,True,NORTHEASTERN UNIVERSITY,True,0
1595020,1U01CE003393-01,U01CE003393,7553181,BETH Ellen MOLNAR,True,NORTHEASTERN UNIVERSITY,True,0
1595049,7R61AG073668-03,R61AG073668,11134666,Susanne M Jaeggi,True,NORTHEASTERN UNIVERSITY,True,0
1595049,7R61AG073668-03,R61AG073668,8539970,Aaron R Seitz,False,NORTHEASTERN UNIVERSITY,True,1
1614027,7R01DC019507-02,R01DC019507,7015843,Jonathan E Peelle,True,NORTHEASTERN UNIVERSITY,True,0
1615348,1R01DC019902-01,R01DC019902,10228793,Emily  Zimmerman,True,NORTHEASTERN UNIVERSITY,True,0
1613044,1R01EY032162-01A1,R01EY032162,6107788,MARTIN S BANKS,False,NORTHEASTERN UNIVERSITY,True,0
1613044,1R01EY032162-01A1,R01EY032162,8872416,Peter John Bex,True,NORTHEASTERN UNIVERSITY,True,1
1613044,1R01EY032162-01A1,R01EY032162,14840633,Agostino  Gibaldi,False,NORTHEASTERN UNIVERSITY,True,2
1613044,1R01EY032162-01A1,R01EY032162,1885077,David G HUNTER,False,NORTHEASTERN UNIVERSITY,True,3
1613044,1R01EY032162-01A1,R01EY032162,1872345,Dennis Michael Levi,False,NORTHEASTERN UNIVERSITY,True,4
1613044,1R01EY032162-01A1,R01EY032162,15512919,SILVIO PAOLO SABATINI,False,NORTHEASTERN UNIVERSITY,True,5
1613847,1R03HL155244-01A1,R03HL155244,10036188,Eno Essien Ebong,True,NORTHEASTERN UNIVERSITY,True,0
1614458,1R21EY033623-01,R21EY033623,14606725,Marcello  Maniglia,True,UNIVERSITY OF CALIFORNIA RIVERSIDE,False,0
1614458,1R21EY033623-01,R21EY033623,8539970,Aaron R Seitz,False,UNIVERSITY OF CALIFORNIA RIVERSIDE,False,1
1614458,1R21EY033623-01,R21EY033623,6522682,Kristina  Visscher,False,UNIVERSITY OF CALIFORNIA RIVERSIDE,False,2
1614549,1R01HL160836-01,R01HL160836,9970625,Lichuan  Ye,True,NORTHEASTERN UNIVERSITY,True,0
1623267,1R01AG071173-01A1,R01AG071173,2201948,Lisa Feldman Barrett,False,MASSACHUSETTS GENERAL HOSPITAL,False,0
1623267,1R01AG071173-01A1,R01AG071173,7374129,BRADFORD C DICKERSON,True,MASSACHUSETTS GENERAL HOSPITAL,False,1
1623330,1R01CA260202-01A1,R01CA260202,9567340,Mark Jonathan Niedre,True,NORTHEASTERN UNIVERSITY,True,0
1623787,2R37HD087089-06A1,R37HD087089,7618869,Dagmar  Sternad,True,NORTHEASTERN UNIVERSITY,True,0
1626098,7R34AA029224-02,R34AA029224,7261471,Robert F. Leeman,True,NORTHEASTERN UNIVERSITY,True,0
1626382,7R21EB032647-02,R21EB032647,8818005,Allison Marie Dennis,True,NORTHEASTERN UNIVERSITY,True,0
1626589,1R21AG075232-01,R21AG075232,16303675,Edward W Large,False,NORTHEASTERN UNIVERSITY,True,0
1626589,1R21AG075232-01,R21AG075232,9640858,Psyche  Loui,True,NORTHEASTERN UNIVERSITY,True,1
1626760,1R21MH129902-01,R21MH129902,11697289,Christin Y. Sander,False,NORTHEASTERN UNIVERSITY,True,0
1626760,1R21MH129902-01,R21MH129902,15181446,Jordan Eugene Theriault-Brown,True,NORTHEASTERN UNIVERSITY,True,1
1628050,1S10OD032452-01,S10OD032452,9525534,Jason Jianxin Guo,True,NORTHEASTERN UNIVERSITY,True,0
1628196,1R21EB032480-01,R21EB032480,16312259,Mahdi  Imani,True,NORTHEASTERN UNIVERSITY,True,0
1628394,1R01NS126334-01,R01NS126334,11598411,Vivek  Venkatachalam,True,NORTHEASTERN UNIVERSITY,True,0
1628917,1R21EB032640-01,R21EB032640,10417446,Kirill A Afonin,True,UNIVERSITY OF NORTH CAROLINA CHARLOTTE,False,0
1628917,1R21EB032640-01,R21EB032640,8642762,Aleksei  Aksimentiev,False,UNIVERSITY OF NORTH CAROLINA CHARLOTTE,False,1
1628917,1R21EB032640-01,R21EB032640,10207597,Meni  Wanunu,False,UNIVERSITY OF NORTH CAROLINA CHARLOTTE,False,2
1628983,1R56AI167700-01,R56AI167700,6877717,MARK C WILLIAMS,True,NORTHEASTERN UNIVERSITY,True,0
1629217,4R00AG065524-03,R00AG065524,14091857,Seungmoon  Song,True,NORTHEASTERN UNIVERSITY,True,0
1629277,7U01DA055299-03,U01DA055299,9113546,CAMRON D BRYANT,True,NORTHEASTERN UNIVERSITY,True,0
1629277,7U01DA055299-03,U01DA055299,1867194,Kathleen M. Kantak,False,NORTHEASTERN UNIVERSITY,True,1
1631259,1R21DC020546-01,R21DC020546,12429603,Erin Lynn Meier,True,NORTHEASTERN UNIVERSITY,True,0
1631426,7R01AG077725-02,R01AG077725,7689055,FREDERICK J. GALLUN,False,NORTHEASTERN UNIVERSITY,True,0
1631426,7R01AG077725-02,R01AG077725,8539970,Aaron R Seitz,True,NORTHEASTERN UNIVERSITY,True,1
1632239,1R01HL162908-01,R01HL162908,9706986,Guohao  Dai,True,NORTHEASTERN UNIVERSITY,True,0
1632239,1R01HL162908-01,R01HL162908,1950502,Alan  Dardik,False,NORTHEASTERN UNIVERSITY,True,1
1634442,1R21DC020136-01A1,R21DC020136,8176853,MENG  CUI,True,NORTHEASTERN UNIVERSITY,True,0
1634850,1T32DA055553-01,T32DA055553,1897870,Raymond G. Booth,False,NORTHEASTERN UNIVERSITY,True,0
1634850,1T32DA055553-01,T32DA055553,6274976,Alexandros  Makriyannis,True,NORTHEASTERN UNIVERSITY,True,1
1634850,1T32DA055553-01,T32DA055553,1885640,CAROL A PARONIS,False,NORTHEASTERN UNIVERSITY,True,2
1635114,1R21MD016513-01A1,R21MD016513,16159836,ShengLi  Dong,False,NORTHEASTERN UNIVERSITY,True,0
1635114,1R21MD016513-01A1,R21MD016513,16150208,Chieh  Li,True,NORTHEASTERN UNIVERSITY,True,1
1635114,1R21MD016513-01A1,R21MD016513,11249807,Huijun  Li,False,NORTHEASTERN UNIVERSITY,True,2
1638119,2P01DA009158-20,P01DA009158,6274976,Alexandros  Makriyannis,True,NORTHEASTERN UNIVERSITY,True,0
1638186,1R56NS128413-01,R56NS128413,15126942,Samuel Hue-Kay Chung,True,NORTHEASTERN UNIVERSITY,True,0
1638326,2P01DA009158-20,P01DA009158,10700672,Spyros P Nikas,True,NORTHEASTERN UNIVERSITY,True,0
1638692,1R01HS028458-01A1,R01HS028458,1974741,JAMES C BENNEYAN,True,NORTHEASTERN UNIVERSITY,True,0
1639394,1R35GM147429-01,R35GM147429,9444093,Elizabeth  Libby,True,NORTHEASTERN UNIVERSITY,True,0
1639446,2P01DA009158-20,P01DA009158,6274976,Alexandros  Makriyannis,True,NORTHEASTERN UNIVERSITY,True,0
1640152,4R00HD102586-03,R00HD102586,16098411,Briana J Taylor,True,NORTHEASTERN UNIVERSITY,True,0
1646117,2P01CA084203-17A1,P01CA084203,9757056,Bryan Quilty Spring,True,MASSACHUSETTS GENERAL HOSPITAL,False,0
1646473,1R01AI170962-01,R01AI170962,2419436,Kim  Lewis,True,NORTHEASTERN UNIVERSITY,True,0
1646651,1R21EB033892-01,R21EB033892,78529619,Benjamin Michael Woolston,True,NORTHEASTERN UNIVERSITY,True,0
1646918,1R01AG078376-01,R01AG078376,16303675,Edward W Large,False,NORTHEASTERN UNIVERSITY,True,0
1646918,1R01AG078376-01,R01AG078376,9640858,Psyche  Loui,True,NORTHEASTERN UNIVERSITY,True,1
1647269,7U01FD007656-03,U01FD007656,78930354,Jie  Shen,True,NORTHEASTERN UNIVERSITY,True,0
1647814,1R01AR081040-01A1,R01AR081040,8088613,CHRISTINE Woods Lary,False,MAINEHEALTH,False,0
1647814,1R01AR081040-01A1,R01AR081040,10682011,Katherine Jean Motyl,True,MAINEHEALTH,False,1
1648154,1R35GM146852-01,R35GM146852,78318020,Michele  Di Pierro,True,NORTHEASTERN UNIVERSITY,True,0
1648179,1R56CA260972-01A1,R56CA260972,8703876,Debra  Auguste,True,NORTHEASTERN UNIVERSITY,True,0
1648758,1R01LM014191-01,R01LM014191,9860841,Matthew Scott Goodwin,True,NORTHEASTERN UNIVERSITY,True,0
1649024,1R01LM013772-01A1,R01LM013772,11475008,BYRON CASEY WALLACE,True,NORTHEASTERN UNIVERSITY,True,0
1649024,1R01LM013772-01A1,R01LM013772,10210327,Geoffrey  Young,False,NORTHEASTERN UNIVERSITY,True,1
1649423,1K01AG077972-01A1,K01AG077972,14307085,Brianne  Olivieri-Mui,True,NORTHEASTERN UNIVERSITY,True,0
1657833,1R01ES033792-01,R01ES033792,14509803,Jessica M Oakes,True,NORTHEASTERN UNIVERSITY,True,0
1658340,1R21MH131893-01,R21MH131893,6600278,REBECCA M SHANSKY,True,NORTHEASTERN UNIVERSITY,True,0
1659527,5R33AI141227-05,R33AI141227,14079303,Lori  Ferrins,True,NORTHEASTERN UNIVERSITY,True,0
1659716,5P42ES017198-13,P42ES017198,16136711,Kelsey Janette Pieper,True,NORTHEASTERN UNIVERSITY,True,0
1661083,1R21CA263452-01A1,R21CA263452,9757056,Bryan Quilty Spring,True,NORTHEASTERN UNIVERSITY,True,0
1666576,1R01NS131467-01,R01NS131467,1867929,Diomedes E. Logothetis,True,NORTHEASTERN UNIVERSITY,True,0
1670229,5R01AI114685-08,R01AI114685,14079303,Lori  Ferrins,True,NORTHEASTERN UNIVERSITY,True,0
1670302,1R01HG012856-01,R01HG012856,11314282,Sara Hakim Rouhanifard,True,NORTHEASTERN UNIVERSITY,True,0
1671961,1R13ES035303-01,R13ES035303,12231523,Philip  Larese-Casanova,True,NORTHEASTERN UNIVERSITY,True,0
1673506,1R01HL168374-01,R01HL168374,8894539,Darla M Castelli,False,UNIVERSITY OF TEXAS AT AUSTIN,False,0
1673506,1R01HL168374-01,R01HL168374,8856288,Andreana Petrova Haley,True,UNIVERSITY OF TEXAS AT AUSTIN,False,1
1673783,1R01HL168719-01,R01HL168719,12154383,Chiara  Bellini,True,NORTHEASTERN UNIVERSITY,True,0
1676073,1R01HG012553-01A1,R01HG012553,8642762,Aleksei  Aksimentiev,False,NORTHEASTERN UNIVERSITY,True,0
1676073,1R01HG012553-01A1,R01HG012553,11978503,Min  Chen,False,NORTHEASTERN UNIVERSITY,True,1
1676073,1R01HG012553-01A1,R01HG012553,7944757,MICHAEL  NIEDERWEIS,False,NORTHEASTERN UNIVERSITY,True,2
1676073,1R01HG012553-01A1,R01HG012553,10207597,Meni  Wanunu,True,NORTHEASTERN UNIVERSITY,True,3
1676159,5P01DA009158-21,P01DA009158,10700672,Spyros P Nikas,True,NORTHEASTERN UNIVERSITY,True,0
1676547,1R01EY034124-01A1,R01EY034124,7010344,Jeffrey W Ruberti,True,NORTHEASTERN UNIVERSITY,True,0
1676598,1R35GM148218-01,R35GM148218,10583189,Nikolai  Slavov,True,NORTHEASTERN UNIVERSITY,True,0
1676753,3P42ES017198-13S1,P42ES017198,16136711,Kelsey Janette Pieper,True,NORTHEASTERN UNIVERSITY,True,0
1678241,1U01CA280849-01,U01CA280849,10062275,Heiko  Enderling,False,NORTHEASTERN UNIVERSITY,True,0
1678241,1U01CA280849-01,U01CA280849,9757056,Bryan Quilty Spring,True,NORTHEASTERN UNIVERSITY,True,1
1679012,1R21DA057450-01A1,R21DA057450,78531187,Cassie Leigh McMillan,True,NORTHEASTERN UNIVERSITY,True,0
1680348,1R21NS130936-01A1,R21NS130936,15340585,Oscar  Soto,False,NORTHEASTERN UNIVERSITY,True,0
1680348,1R21NS130936-01A1,R21NS130936,9105715,Eugene  Tunik,True,NORTHEASTERN UNIVERSITY,True,1
1683348,1R01GM151305-01,R01GM151305,6877717,MARK C WILLIAMS,True,NORTHEASTERN UNIVERSITY,True,0
1685302,4R00MH130894-03,R00MH130894,12417620,Stephanie Marie Noble,True,NORTHEASTERN UNIVERSITY,True,0
1685513,4R00MH126163-03,R00MH126163,16186313,Alexandra Mayorca Rodman,True,NORTHEASTERN UNIVERSITY,True,0
1685835,1R01AG083179-01,R01AG083179,9970625,Lichuan  Ye,False,NORTHEASTERN UNIVERSITY,True,0
1685835,1R01AG083179-01,R01AG083179,9774722,Ning  Zhang,True,NORTHEASTERN UNIVERSITY,True,1
1694165,1R01LM014084-01A1,R01LM014084,7854251,TIMOTHY W. BICKMORE,True,NORTHEASTERN UNIVERSITY,True,0
1694165,1R01LM014084-01A1,R01LM014084,8641729,Michael  Paasche-Orlow,False,NORTHEASTERN UNIVERSITY,True,1
1694446,5P01AA029543-03,P01AA029543,2091196,RONALD A COHEN,False,UNIVERSITY OF FLORIDA,False,0
1694446,5P01AA029543-03,P01AA029543,2091694,Robert L Cook,True,UNIVERSITY OF FLORIDA,False,1
1694446,5P01AA029543-03,P01AA029543,8660360,Varan  Govind,False,UNIVERSITY OF FLORIDA,False,2
1694968,7U01FD007959-02,U01FD007959,78930354,Jie  Shen,True,NORTHEASTERN UNIVERSITY,True,0
1695081,1K01HS029278-01A1,K01HS029278,15704245,Brady  Post,True,NORTHEASTERN UNIVERSITY,True,0
1696325,1R56DC020208-01A1,R56DC020208,11897178,Zhenghan  Qi,True,NORTHEASTERN UNIVERSITY,True,0
1697564,4R00CA248720-03,R00CA248720,15654822,Briony  Swire-Thompson,True,NORTHEASTERN UNIVERSITY,True,0
1700671,1R35GM151231-01,R35GM151231,12650079,Srirupa  Chakraborty,True,NORTHEASTERN UNIVERSITY,True,0
1705914,5R01CA233978-04,R01CA233978,1902271,Loren David Walensky,False,NORTHEASTERN UNIVERSITY,True,0
1705914,5R01CA233978-04,R01CA233978,9636069,Thomas Edward Wales,True,NORTHEASTERN UNIVERSITY,True,1
1706729,1R01AR082426-01A1,R01AR082426,9237959,Andreia M. Ionescu,True,NORTHEASTERN UNIVERSITY,True,0
1707489,5R01ES033792-02,R01ES033792,12154383,Chiara  Bellini,True,NORTHEASTERN UNIVERSITY,True,0
1708216,5P42ES017198-14,P42ES017198,7008865,DAVID R KAELI,True,NORTHEASTERN UNIVERSITY,True,0
1708240,5P42ES017198-14,P42ES017198,8861454,Thomas Clair Sheahan,True,NORTHEASTERN UNIVERSITY,True,0
1709438,1R01HG013304-01,R01HG013304,10207597,Meni  Wanunu,True,NORTHEASTERN UNIVERSITY,True,0
1712461,1R21EB035665-01,R21EB035665,14192599,Max  Shepherd,True,NORTHEASTERN UNIVERSITY,True,0
1714274,1R21AG086992-01,R21AG086992,10371770,Javier  Apfeld,True,NORTHEASTERN UNIVERSITY,True,0
1714274,1R21AG086992-01,R21AG086992,10352786,Erel  Levine,False,NORTHEASTERN UNIVERSITY,True,1
1714441,1R35GM153502-01,R35GM153502,10519115,Paul Charles Whitford,True,NORTHEASTERN UNIVERSITY,True,0
1714619,1K23MH132896-01A1,K23MH132896,78378444,Joshua  Curtiss,True,NORTHEASTERN UNIVERSITY,True,0
1714718,4R00EY032547-03,R00EY032547,12422659,Amir  Vahabikashi,True,NORTHEASTERN UNIVERSITY,True,0
1714904,5R01EB027705-04,R01EB027705,11858698,Stephen Matthew Hatfield,True,NORTHEASTERN UNIVERSITY,True,0
1716720,4R01AG072607-02,R01AG072607,1878504,XIAOPING P HU,True,UNIVERSITY OF CALIFORNIA RIVERSIDE,False,0
1716720,4R01AG072607-02,R01AG072607,8539970,Aaron R Seitz,False,UNIVERSITY OF CALIFORNIA RIVERSIDE,False,1
1728678,1R21HD116102-01,R21HD116102,15299156,Aarti  Sathyanarayana,True,NORTHEASTERN UNIVERSITY,True,0
1728717,1R01DA059985-01A1,R01DA059985,6699960,CHRISTIE D FOWLER,False,NORTHEASTERN UNIVERSITY,True,0
1728717,1R01DA059985-01A1,R01DA059985,9460571,Ayman K. Hamouda,False,NORTHEASTERN UNIVERSITY,True,1
1728717,1R01DA059985-01A1,R01DA059985,9632867,Ganesh A Thakur,True,NORTHEASTERN UNIVERSITY,True,2
1729565,1K25DC021502-01,K25DC021502,78635242,Kristina Teresa Johnson,True,NORTHEASTERN UNIVERSITY,True,0
1729688,1R33CA291125-01,R33CA291125,10513357,Tania Tali Konry,True,NORTHEASTERN UNIVERSITY,True,0
1731331,4R33AG074497-04,R33AG074497,8003762,JOAQUIN A ANGUERA,False,NORTHEASTERN UNIVERSITY,True,0
1731331,4R33AG074497-04,R33AG074497,11134666,Susanne M Jaeggi,False,NORTHEASTERN UNIVERSITY,True,1
1731331,4R33AG074497-04,R33AG074497,8539970,Aaron R Seitz,True,NORTHEASTERN UNIVERSITY,True,2
1745157,1R13HD116534-01,R13HD116534,10760262,Rouzbeh  Amini,True,NORTHEASTERN UNIVERSITY,True,0
1746294,1R35GM153324-01,R35GM153324,8456349,Rebecca L Carrier,True,NORTHEASTERN UNIVERSITY,True,0
1747418,4R00HD109373-03,R00HD109373,15803315,Brie M Reid,True,NORTHEASTERN UNIVERSITY,True,0
1747690,1K01HL174891-01,K01HL174891,12058811,Danielle Marie Crookes,True,NORTHEASTERN UNIVERSITY,True,0
1748482,1R01GM158813-01,R01GM158813,6488637,ALBERT-LASZLO  BARABASI,True,NORTHEASTERN UNIVERSITY,True,0
1750344,1R35GM155112-01,R35GM155112,77789240,Sijia  Dong,True,NORTHEASTERN UNIVERSITY,True,0
1750502,1R01LM014600-01,R01LM014600,78505558,Junyi Jessy Li,True,UNIVERSITY OF TEXAS AT AUSTIN,False,0
1750502,1R01LM014600-01,R01LM014600,11475008,BYRON CASEY WALLACE,False,UNIVERSITY OF TEXAS AT AUSTIN,False,1
1750502,1R01LM014600-01,R01LM014600,78501511,Wei  Xu,False,UNIVERSITY OF TEXAS AT AUSTIN,False,2
1750616,1R35GM155340-01,R35GM155340,78223545,Mona  Minkara,True,NORTHEASTERN UNIVERSITY,True,0
1751152,1R21AG085655-01,R21AG085655,10310637,Mohammad Abbas Yaseen,True,NORTHEASTERN UNIVERSITY,True,0
1754276,1R01HS030271-01,R01HS030271,1974741,JAMES C BENNEYAN,True,NORTHEASTERN UNIVERSITY,True,0
1759039,1R21AI187862-01,R21AI187862,14079303,Lori  Ferrins,True,NORTHEASTERN UNIVERSITY,True,0
1759039,1R21AI187862-01,R21AI187862,7135037,MARY J ONDRECHEN,False,NORTHEASTERN UNIVERSITY,True,1
1764713,1R21MH138857-01,R21MH138857,6600278,REBECCA M SHANSKY,True,NORTHEASTERN UNIVERSITY,True,0
1766852,1R01NS140966-01,R01NS140966,9632867,Ganesh A Thakur,True,NORTHEASTERN UNIVERSITY,True,0
1766852,1R01NS140966-01,R01NS140966,8027409,PAUL  WHITEAKER,False,NORTHEASTERN UNIVERSITY,True,1
1767254,1R01NS137079-01A1,R01NS137079,1980957,Andrea Grace Hohmann,False,NORTHEASTERN UNIVERSITY,True,0
1767254,1R01NS137079-01A1,R01NS137079,9632867,Ganesh A Thakur,True,NORTHEASTERN UNIVERSITY,True,1
1773324,1R01AG092460-01,R01AG092460,10215632,Mahlon  Collins,False,NORTHEASTERN UNIVERSITY,True,0
1773324,1R01AG092460-01,R01AG092460,6206686,BRADLEY T. HYMAN,False,NORTHEASTERN UNIVERSITY,True,1
1773324,1R01AG092460-01,R01AG092460,10583189,Nikolai  Slavov,True,NORTHEASTERN UNIVERSITY,True,2
1773324,1R01AG092460-01,R01AG092460,9499869,Olga  Vitek,False,NORTHEASTERN UNIVERSITY,True,3
1774043,1K01AG090135-01A1,K01AG090135,11909278,Moka  Yoo-Jeong,True,NORTHEASTERN UNIVERSITY,True,0
1780933,1R21AG091135-01A1,R21AG091135,2090576,JEANNE M MADDEN,True,NORTHEASTERN UNIVERSITY,True,0
1781079,1R35GM160097-01,R35GM160097,14084443,Tao  Sun,True,NORTHEASTERN UNIVERSITY,True,0
1781139,1R21DC022448-01A1,R21DC022448,7667301,STEPHEN S INTILLE,False,NORTHEASTERN UNIVERSITY,True,0
1781139,1R21DC022448-01A1,R21DC022448,12429603,Erin Lynn Meier,True,NORTHEASTERN UNIVERSITY,True,1
1781463,1R21EB037897-01,R21EB037897,79352599,Lei  Wang,True,NORTHEASTERN UNIVERSITY,True,0
1781905,1R01DC022267-01A1,R01DC022267,11866568,Kristen M. Allison,True,NORTHEASTERN UNIVERSITY,True,0
1781905,1R01DC022267-01A1,R01DC022267,10592263,Jenya  Iuzzini-Seigel,False,NORTHEASTERN UNIVERSITY,True,1
1783302,1R21HD118499-01,R21HD118499,8083867,Christopher James Hasson,True,NORTHEASTERN UNIVERSITY,True,0
1790003,3R01AG089508-01A1S1,R01AG089508,11134666,Susanne M Jaeggi,True,NORTHEASTERN UNIVERSITY,True,0
1790003,3R01AG089508-01A1S1,R01AG089508,8539970,Aaron R Seitz,False,NORTHEASTERN UNIVERSITY,True,1
1791402,1R35GM160564-01,R35GM160564,79752688,Paul  Stevenson,True,NORTHEASTERN UNIVERSITY,True,0
1791472,1R61EY037510-01,R61EY037510,7893313,LORELLA  BATTELLI,False,NORTHEASTERN UNIVERSITY,True,0
1791472,1R61EY037510-01,R61EY037510,7762327,Krystel R Huxlin,False,NORTHEASTERN UNIVERSITY,True,1
1791472,1R61EY037510-01,R61EY037510,8539970,Aaron R Seitz,True,NORTHEASTERN UNIVERSITY,True,2
1791472,1R61EY037510-01,R61EY037510,6522682,Kristina  Visscher,False,NORTHEASTERN UNIVERSITY,True,3
1794046,4R33AG073668-04,R33AG073668,11134666,Susanne M Jaeggi,True,NORTHEASTERN UNIVERSITY,True,0
1794046,4R33AG073668-04,R33AG073668,8539970,Aaron R Seitz,False,NORTHEASTERN UNIVERSITY,True,1
1795307,1K01AI193070-01,K01AI193070,15626124,Larry  Han,True,NORTHEASTERN UNIVERSITY,True,0
1796096,1U01CE003739-01,U01CE003739,7553181,BETH Ellen MOLNAR,True,NORTHEASTERN UNIVERSITY,True,0
