grant_id,full_name,faculty_id,faculty_name,match_score,proposed_is_copi
1171799,Albert-Laszlo Barabasi,404727,"BARABASI, ALBERT-LASZLO",97.77777777777777,False
1172687,Sara Wadia-Fascetti,141701,"WADIA-FASCETTI, SARA J",92.6829268292683,False
1171382,Rajmohan Rajaraman,141967,"RAJARAMAN, RAJMOHAN",97.29729729729729,False
330286,Akram Alshawabkeh,141504,"ALSHAWABKEH, AKRAM N",91.89189189189189,False
332075,Dagmar Sternad,62737,"STERNAD, DAGMAR",96.55172413793103,False
335050,Herbert Levine,1383874,"LEVINE, HERBERT",96.55172413793103,False
341866,Octavia Camps,926134,"CAMPS, OCTAVIA",96.29629629629629,False
341866,Mario Sznaier,926130,"SZNAIER, MARIO",96.29629629629629,True
310732,Claire Duggan,141388,"DUGGAN, CLAIRE",96.29629629629629,False
310732,Charles A DiMarzio,141028,"DIMARZIO, CHARLES",91.42857142857143,True
326755,Matthias Felleisen,141121,"FELLEISEN, MATTHIAS",97.29729729729729,False
341787,Seth Hutchinson,2481837,"HUTCHINSON, SETH",96.7741935483871,False
348616,Sergey Kravchenko,124859,"KRAVCHENKO, SERGEY",97.14285714285714,False
355378,Pran Nath,141760,"NATH, PRAN",94.73684210526315,False
355378,Tomasz R Taylor,141152,"TAYLOR, TOMASZ R",96.7741935483871,True
357234,Ahmed Busnaina,141501,"BUSNAINA, AHMED",96.55172413793103,False
360395,Gene Cooperman,141650,"COOPERMAN, GENE D",90.3225806451613,False
360485,Maxim Braverman,141127,"BRAVERMAN, MAXIM",96.7741935483871,False
366934,J Timothy T Sage,141634,"SAGE, J TIMOTHY",90.3225806451613,True
373378,Ahmed Busnaina,141501,"BUSNAINA, AHMED",96.55172413793103,False
373378,Nathan E Israeloff,141563,"ISRAELOFF, NATHAN E",97.29729729729729,True
373378,Sinan Muftu,141788,"MUFTU, SINAN",95.65217391304348,True
373423,Herbert Levine,1383874,"LEVINE, HERBERT",96.55172413793103,False
310776,Sara Wadia-Fascetti,141701,"WADIA-FASCETTI, SARA J",92.6829268292683,False
315986,Ennio Mingolla,1986558,"MINGOLLA, ENNIO",96.55172413793103,False
316125,John Coley,141896,"COLEY, JOHN",95.23809523809524,False
317705,Carla Mattos,1135712,"MATTOS, CARLA",96.0,False
319213,Ozlem Ergun,1793351,"ERGUN, OZLEM",95.65217391304348,False
319498,Geoffrey Trussell,141448,"TRUSSELL, GEOFFREY C",91.89189189189189,False
322035,J Timothy Sage,141634,"SAGE, J TIMOTHY",96.55172413793103,False
322035,Paul M Champion,141547,"CHAMPION, PAUL M",96.7741935483871,True
323905,Hanumant Singh,1645994,"SINGH, HANUMANT",96.55172413793103,False
333371,Srinivas Sridhar,141846,"SRIDHAR, SRINIVAS",96.96969696969697,False
336375,Matthias Felleisen,141121,"FELLEISEN, MATTHIAS",97.29729729729729,False
343409,Stephen Intille,541359,"INTILLE, STEPHEN S",90.9090909090909,False
343422,Edmund Yeh,1134983,"YEH, EDMUND",95.23809523809524,False
352053,Mary Jo Ondrechen,141740,"ONDRECHEN, MARY JO",97.14285714285714,False
354213,Lisa Feldman Barrett,526595,"BARRETT, LISA FELDMAN",97.5609756097561,False
354377,Brian Helmuth,197469,"HELMUTH, BRIAN",96.29629629629629,False
354463,James Benneyan,130033,"BENNEYAN, JAMES C",90.3225806451613,False
360778,Sagar Kamarthi,141459,"KAMARTHI, SAGAR V",90.3225806451613,False
362490,Ahmed Busnaina,141501,"BUSNAINA, AHMED",96.55172413793103,False
368238,Haris Koutsopoulos,141034,"KOUTSOPOULOS, HARIS N",92.3076923076923,False
312166,Albert-Laszlo Barabasi,404727,"BARABASI, ALBERT-LASZLO",97.77777777777777,False
313311,Yang Zhang,1057773,"ZHANG, YANG",95.23809523809524,False
314789,Phil Brown,1988111,"BROWN, PHIL",95.23809523809524,False
317419,Pran Nath,141760,"NATH, PRAN",94.73684210526315,False
318448,Emanuela Barberis,141968,"BARBERIS, EMANUELA",97.14285714285714,False
325044,Phil Brown,1988111,"BROWN, PHIL",95.23809523809524,False
330853,Jonathan Weitsman,64157,"WEITSMAN, JONATHAN",97.14285714285714,False
352534,Carol Livermore,1130479,"LIVERMORE, CAROL",96.7741935483871,False
357954,Gavin Shatkin,1982129,"SHATKIN, GAVIN",96.29629629629629,False
360910,Ahmed Busnaina,141501,"BUSNAINA, AHMED",96.55172413793103,False
361057,Albert-Laszlo Barabasi,404727,"BARABASI, ALBERT-LASZLO",97.77777777777777,False
361154,Milica Stojanovic,938959,"STOJANOVIC, MILICA",97.14285714285714,False
361225,Hanumant Singh,1645994,"SINGH, HANUMANT",96.55172413793103,False
363067,Hanumant Singh,1645994,"SINGH, HANUMANT",96.55172413793103,False
363067,Hanumant Singh,1645994,"SINGH, HANUMANT",96.55172413793103,True
363194,Matthias Felleisen,141121,"FELLEISEN, MATTHIAS",97.29729729729729,False
363296,Cristina Nita-Rotaru,1675635,"NITA-ROTARU, CRISTINA",97.5609756097561,False
368389,Patricia Mabrouk,144106,"MABROUK, PATRICIA A",91.42857142857143,False
370581,Gene Cooperman,141650,"COOPERMAN, GENE D",90.3225806451613,True
313044,Milica Stojanovic,938959,"STOJANOVIC, MILICA",97.14285714285714,False
315120,David E Budil,141160,"BUDIL, DAVID E",96.29629629629629,True
315120,Sanjeev Mukerjee,141960,"MUKERJEE, SANJEEV",96.96969696969697,True
320231,Deniz Erdogmus,60309,"ERDOGMUS, DENIZ",96.55172413793103,False
323258,Vincent G Harris,144601,"HARRIS, VINCENT G",96.96969696969697,True
323281,Ali Abur,951814,"ABUR, ALI",94.11764705882354,False
323698,Phil Brown,1988111,"BROWN, PHIL",95.23809523809524,True
324603,Dagmar Sternad,62737,"STERNAD, DAGMAR",96.55172413793103,False
325289,Sergey Kravchenko,124859,"KRAVCHENKO, SERGEY",97.14285714285714,False
328907,Lisa Feldman Barrett,526595,"BARRETT, LISA FELDMAN",97.5609756097561,False
329004,Kai-tak Wan,401600,"WAN, KAI-TAK",95.65217391304348,False
333864,Jerome F Hajjar,579392,"HAJJAR, JEROME F",96.7741935483871,True
333923,Hongwei Sun,1018793,"SUN, HONGWEI",95.65217391304348,True
334587,Mehrdad Sasani,141904,"SASANI, MEHRDAD",96.55172413793103,False
335467,Arun Bansil,141614,"BANSIL, ARUN",95.65217391304348,False
335531,Pran Nath,141760,"NATH, PRAN",94.73684210526315,False
337579,Milica Stojanovic,938959,"STOJANOVIC, MILICA",97.14285714285714,True
337601,Albert-Laszlo Barabasi,404727,"BARABASI, ALBERT-LASZLO",97.77777777777777,True
337601,Alessandro Vespignani,1134982,"VESPIGNANI, ALESSANDRO",97.67441860465117,True
339362,Srinivas Sridhar,141846,"SRIDHAR, SRINIVAS",96.96969696969697,False
341987,Mario Sznaier,926130,"SZNAIER, MARIO",96.29629629629629,False
343316,Octavia Camps,926134,"CAMPS, OCTAVIA",96.29629629629629,False
343316,Mario Sznaier,926130,"SZNAIER, MARIO",96.29629629629629,True
345914,Srinivas Sridhar,141846,"SRIDHAR, SRINIVAS",96.96969696969697,False
345914,Mary Jo Ondrechen,141740,"ONDRECHEN, MARY JO",97.14285714285714,True
345914,Sanjeev Mukerjee,141960,"MUKERJEE, SANJEEV",96.96969696969697,True
345914,Jeffrey W Ruberti,148920,"RUBERTI, JEFFREY W",97.14285714285714,True
346955,Moneesh Upmanyu,65819,"UPMANYU, MONEESH",96.7741935483871,False
349244,Phil Brown,1988111,"BROWN, PHIL",95.23809523809524,True
355658,Jeffrey Ruberti,148920,"RUBERTI, JEFFREY W",90.9090909090909,False
356693,Diomedes Logothetis,708006,"LOGOTHETIS, DIOMEDES E",92.6829268292683,True
356729,Akram N Alshawabkeh,141504,"ALSHAWABKEH, AKRAM N",97.43589743589743,True
356738,Rupal Patel,141211,"PATEL, RUPAL",95.65217391304348,False
363430,Albert-Laszlo Barabasi,404727,"BARABASI, ALBERT-LASZLO",97.77777777777777,True
363430,Alessandro Vespignani,1134982,"VESPIGNANI, ALESSANDRO",97.67441860465117,True
369750,Mary Jo Ondrechen,141740,"ONDRECHEN, MARY JO",97.14285714285714,False
371787,Ali Abur,951814,"ABUR, ALI",94.11764705882354,False
373618,Olin Shivers,933475,"SHIVERS, OLIN",96.0,False
313768,Matthias Felleisen,141121,"FELLEISEN, MATTHIAS",97.29729729729729,False
322488,Michael Tolley,141499,"TOLLEY, MICHAEL C",90.3225806451613,False
325656,Stefano Basagni,144655,"BASAGNI, STEFANO",96.7741935483871,False
326201,Octavia Camps,926134,"CAMPS, OCTAVIA",96.29629629629629,False
326386,Mario Sznaier,926130,"SZNAIER, MARIO",96.29629629629629,False
329450,Luca Caracoglia,197423,"CARACOGLIA, LUCA",96.7741935483871,False
329451,Sara Wadia-Fascetti,141701,"WADIA-FASCETTI, SARA J",92.6829268292683,False
329451,Carey M Rappaport,141496,"RAPPAPORT, CAREY M",97.14285714285714,True
329729,Jerome F Hajjar,579392,"HAJJAR, JEROME F",96.7741935483871,True
329886,Gene Cooperman,141650,"COOPERMAN, GENE D",90.3225806451613,False
329886,David R Kaeli,148296,"KAELI, DAVID R",96.29629629629629,True
329886,Jennifer G Dy,141178,"DY, JENNIFER G",96.29629629629629,True
329886,Ravi Sundaram,144197,"SUNDARAM, RAVI",96.29629629629629,True
332655,Rajmohan Rajaraman,141967,"RAJARAMAN, RAJMOHAN",97.29729729729729,False
332655,Ravi Sundaram,144197,"SUNDARAM, RAVI",96.29629629629629,True
334607,David Horsley,2836949,"HORSLEY, DAVID",96.29629629629629,False
340192,Nian Sun,140848,"SUN, NIAN",94.11764705882354,False
340192,Vincent G Harris,144601,"HARRIS, VINCENT G",96.96969696969697,True
342417,Javed Aslam,141188,"ASLAM, JAVED",95.65217391304348,False
344058,Deniz Erdogmus,60309,"ERDOGMUS, DENIZ",96.55172413793103,False
346257,Andrew Gouldstone,358255,"GOULDSTONE, ANDREW",97.14285714285714,True
350867,Nathan Israeloff,141563,"ISRAELOFF, NATHAN E",91.42857142857143,False
355451,Matthias Felleisen,141121,"FELLEISEN, MATTHIAS",97.29729729729729,False
355523,Yunsi Fei,1130475,"FEI, YUNSI",94.73684210526315,False
357772,Latika Menon,957973,"MENON, LATIKA",96.0,False
357772,Srinivas Sridhar,141846,"SRIDHAR, SRINIVAS",96.96969696969697,True
357772,Donald M O'Malley,141668,"O'MALLEY, DONALD M",97.14285714285714,True
357772,Armen Stepanyants,140432,"STEPANYANTS, ARMEN B",91.89189189189189,True
357805,Ahmed A Busnaina,141501,"BUSNAINA, AHMED",90.3225806451613,True
357805,Ronald L Sandler,141173,"SANDLER, RONALD L",96.96969696969697,True
361366,Mario Sznaier,926130,"SZNAIER, MARIO",96.29629629629629,False
364734,J Timothy Sage,141634,"SAGE, J TIMOTHY",96.55172413793103,False
364734,Paul M Champion,141547,"CHAMPION, PAUL M",96.7741935483871,True
365376,Edmund Yeh,1134983,"YEH, EDMUND",95.23809523809524,False
365497,Kevin Fu,1538316,"FU, KEVIN",94.11764705882354,False
369302,Mirek Riedewald,62652,"RIEDEWALD, MIREK",96.7741935483871,True
374234,Matthias Felleisen,141121,"FELLEISEN, MATTHIAS",97.29729729729729,False
311465,Deniz Erdogmus,60309,"ERDOGMUS, DENIZ",96.55172413793103,False
311790,Lisa Feldman Barrett,526595,"BARRETT, LISA FELDMAN",97.5609756097561,False
316889,Matthias Felleisen,141121,"FELLEISEN, MATTHIAS",97.29729729729729,False
317127,Yung Joon Jung,959185,"JUNG, YUNG JOON",96.55172413793103,False
317127,Ahmed A Busnaina,141501,"BUSNAINA, AHMED",90.3225806451613,True
317127,Latika Menon,957973,"MENON, LATIKA",96.0,True
318695,Guevara Noubir,148184,"NOUBIR, GUEVARA",96.55172413793103,False
318719,Albert-Laszlo Barabasi,404727,"BARABASI, ALBERT-LASZLO",97.77777777777777,True
320609,Vincent Harris,144601,"HARRIS, VINCENT G",90.3225806451613,False
327102,Mingzhong Wu,2810099,"WU, MINGZHONG",96.0,False
327102,Mingzhong Wu,2810099,"WU, MINGZHONG",96.0,True
327118,Seth Hutchinson,2481837,"HUTCHINSON, SETH",96.7741935483871,False
331294,Cristina Nita-Rotaru,1675635,"NITA-ROTARU, CRISTINA",97.5609756097561,True
331375,Edmund Yeh,1134983,"YEH, EDMUND",95.23809523809524,False
331386,Kevin Fu,1538316,"FU, KEVIN",94.11764705882354,False
337882,Geoffrey Trussell,141448,"TRUSSELL, GEOFFREY C",91.89189189189189,False
348032,Mary Jo Ondrechen,141740,"ONDRECHEN, MARY JO",97.14285714285714,True
348032,Sanjeev Mukerjee,141960,"MUKERJEE, SANJEEV",96.96969696969697,True
348068,Kai-tak Wan,401600,"WAN, KAI-TAK",95.65217391304348,True
351758,Phil Brown,1988111,"BROWN, PHIL",95.23809523809524,True
353540,Matthew Goodwin,1134620,"GOODWIN, MATTHEW S",90.9090909090909,False
355985,Rupal Patel,141211,"PATEL, RUPAL",95.65217391304348,False
356029,Octavia Camps,926134,"CAMPS, OCTAVIA",96.29629629629629,False
356029,Mario Sznaier,926130,"SZNAIER, MARIO",96.29629629629629,True
356838,Guevara Noubir,148184,"NOUBIR, GUEVARA",96.55172413793103,False
357087,James C Benneyan,130033,"BENNEYAN, JAMES C",96.96969696969697,True
361844,Christos Zahopoulos,141179,"ZAHOPOULOS, CHRISTOS",97.43589743589743,False
361844,Mohamad Metghalchi,141505,"METGHALCHI, MOHAMAD",97.29729729729729,True
361844,Yiannis A Levendis,141149,"LEVENDIS, YIANNIS A",97.29729729729729,True
367319,Maxim Braverman,141127,"BRAVERMAN, MAXIM",96.7741935483871,False
373481,Hai-Ping Cheng,2878915,"CHENG, HAI-PING",96.55172413793103,True
373482,Brent Nelson,933419,"NELSON, BRENT",96.0,False
374357,Sara Wadia-Fascetti,141701,"WADIA-FASCETTI, SARA J",92.6829268292683,False
374357,Carey M Rappaport,141496,"RAPPAPORT, CAREY M",97.14285714285714,True
374357,Dionisio Bernal,141519,"BERNAL, DIONISIO",96.7741935483871,True
374521,Sagar Kamarthi,141459,"KAMARTHI, SAGAR V",90.3225806451613,False
374521,Ibrahim Zeid,148841,"ZEID, IBRAHIM",96.0,True
374634,Geoffrey Trussell,141448,"TRUSSELL, GEOFFREY C",91.89189189189189,False
374693,Rebecca L Carrier,148071,"CARRIER, REBECCA LYN",91.89189189189189,True
375328,Hongwei Sun,1018793,"SUN, HONGWEI",95.65217391304348,True
376617,Latika Menon,957973,"MENON, LATIKA",96.0,False
376696,Stefano Basagni,144655,"BASAGNI, STEFANO",96.7741935483871,False
377395,Stefano Basagni,144655,"BASAGNI, STEFANO",96.7741935483871,False
377605,Michael Silevitch,144147,"SILEVITCH, MICHAEL B",91.89189189189189,False
377829,Celia Pearce,1799507,"PEARCE, CELIA",96.0,False
378621,Mirek Riedewald,62652,"RIEDEWALD, MIREK",96.7741935483871,False
379450,Olin Shivers,933475,"SHIVERS, OLIN",96.0,False
379469,Kai-tak Wan,401600,"WAN, KAI-TAK",95.65217391304348,False
386466,Albert-Laszlo Barabasi,404727,"BARABASI, ALBERT-LASZLO",97.77777777777777,False
1008724,Rebecca L Carrier,148071,"CARRIER, REBECCA LYN",91.89189189189189,True
1279175,Milica Stojanovic,938959,"STOJANOVIC, MILICA",97.14285714285714,False
317092,Stephen Intille,541359,"INTILLE, STEPHEN S",90.9090909090909,False
331396,Herbert Levine,1383874,"LEVINE, HERBERT",96.55172413793103,True
376295,Rebecca L Carrier,148071,"CARRIER, REBECCA LYN",91.89189189189189,True
377911,J Timothy T Sage,141634,"SAGE, J TIMOTHY",90.3225806451613,True
379241,Yiannis Levendis,141149,"LEVENDIS, YIANNIS A",91.42857142857143,False
379555,Darien Wood,141790,"WOOD, DARIEN",95.65217391304348,False
379555,Emanuela Barberis,141968,"BARBERIS, EMANUELA",97.14285714285714,True
379556,Celia Pearce,1799507,"PEARCE, CELIA",96.0,True
379652,Pran Nath,141760,"NATH, PRAN",94.73684210526315,False
379652,Tomasz R Taylor,141152,"TAYLOR, TOMASZ R",96.7741935483871,True
380757,Hai-Ping Cheng,2878915,"CHENG, HAI-PING",96.55172413793103,False
382307,Sara Wadia-Fascetti,141701,"WADIA-FASCETTI, SARA J",92.6829268292683,False
383556,Carla Mattos,1135712,"MATTOS, CARLA",96.0,False
384146,Hossein Mosallaei,959146,"MOSALLAEI, HOSSEIN",97.14285714285714,False
384243,Ali Abur,951814,"ABUR, ALI",94.11764705882354,False
384245,Nian Sun,140848,"SUN, NIAN",94.11764705882354,False
384646,Geoffrey C Trussell,141448,"TRUSSELL, GEOFFREY C",97.43589743589743,True
384649,Yingzi Lin,959197,"LIN, YINGZI",95.23809523809524,False
384649,Yung Joon Jung,959185,"JUNG, YUNG JOON",96.55172413793103,True
385053,Ming Su,1799518,"SU, MING",93.33333333333333,False
385371,Hossein Mosallaei,959146,"MOSALLAEI, HOSSEIN",97.14285714285714,False
385598,Kevin Fu,1538316,"FU, KEVIN",94.11764705882354,False
385633,Abhi Shelat,1214954,"SHELAT, ABHI",95.65217391304348,True
385686,Milica Stojanovic,938959,"STOJANOVIC, MILICA",97.14285714285714,False
385844,Celia Pearce,1799507,"PEARCE, CELIA",96.0,False
386442,Emanuela Barberis,141968,"BARBERIS, EMANUELA",97.14285714285714,False
387019,Ozlem Ergun,1793351,"ERGUN, OZLEM",95.65217391304348,True
387197,Herbert Levine,1383874,"LEVINE, HERBERT",96.55172413793103,False
387326,Dagmar Sternad,62737,"STERNAD, DAGMAR",96.55172413793103,False
387338,Jonathan Weitsman,64157,"WEITSMAN, JONATHAN",97.14285714285714,False
945639,Milica Stojanovic,938959,"STOJANOVIC, MILICA",97.14285714285714,False
946395,Deniz Erdogmus,60309,"ERDOGMUS, DENIZ",96.55172413793103,False
946622,Deniz Erdogmus,60309,"ERDOGMUS, DENIZ",96.55172413793103,False
946925,Deniz Erdogmus,60309,"ERDOGMUS, DENIZ",96.55172413793103,False
651874,Swastik Kar,548369,"KAR, SWASTIK",95.65217391304348,False
651877,Maxim Braverman,141127,"BRAVERMAN, MAXIM",96.7741935483871,False
652305,Bradley Lehman,148269,"LEHMAN, BRADLEY M",90.3225806451613,False
652382,Gene Cooperman,141650,"COOPERMAN, GENE D",90.3225806451613,False
652630,Mary Jo Ondrechen,141740,"ONDRECHEN, MARY JO",97.14285714285714,False
652630,Penny J Beuning,926928,"BEUNING, PENNY J",96.7741935483871,True
653886,Matthias Felleisen,141121,"FELLEISEN, MATTHIAS",97.29729729729729,False
654027,Moira Zellner,1526463,"ZELLNER, MOIRA",96.29629629629629,True
656280,Yung Joon Jung,959185,"JUNG, YUNG JOON",96.55172413793103,False
656773,Seth Hutchinson,2481837,"HUTCHINSON, SETH",96.7741935483871,True
657392,Richard Melloni,144896,"MELLONI, RICHARD H",90.9090909090909,False
657816,James Benneyan,130033,"BENNEYAN, JAMES C",90.3225806451613,False
657820,Pran Nath,141760,"NATH, PRAN",94.73684210526315,False
657920,Guevara Noubir,148184,"NOUBIR, GUEVARA",96.55172413793103,False
658435,Vincent Harris,144601,"HARRIS, VINCENT G",90.3225806451613,False
658593,Brian Helmuth,197469,"HELMUTH, BRIAN",96.29629629629629,False
659010,Latika Menon,957973,"MENON, LATIKA",96.0,True
659115,Latika Menon,957973,"MENON, LATIKA",96.0,False
659561,Rupal Patel,141211,"PATEL, RUPAL",95.65217391304348,False
659562,Deniz Erdogmus,60309,"ERDOGMUS, DENIZ",96.55172413793103,False
659562,Rupal Patel,141211,"PATEL, RUPAL",95.65217391304348,True
659716,Yung Joon Jung,959185,"JUNG, YUNG JOON",96.55172413793103,False
659759,Latika Menon,957973,"MENON, LATIKA",96.0,True
659943,Wolfgang Gatterbauer,1872002,"GATTERBAUER, WOLFGANG",97.5609756097561,True
660185,Carol Livermore,1130479,"LIVERMORE, CAROL",96.7741935483871,False
660375,Rifat Sipahi,933421,"SIPAHI, RIFAT",96.0,False
660485,Ibrahim Zeid,148841,"ZEID, IBRAHIM",96.0,False
660485,Mohamad Metghalchi,141505,"METGHALCHI, MOHAMAD",97.29729729729729,True
661243,Hongwei Sun,1018793,"SUN, HONGWEI",95.65217391304348,False
661262,William H Miles,141679,"MILES, WILLIAM F",90.3225806451613,True
661421,Kevin Fu,1538316,"FU, KEVIN",94.11764705882354,True
661555,David R Kaeli,148296,"KAELI, DAVID R",96.29629629629629,True
661713,Cristina Nita-Rotaru,1675635,"NITA-ROTARU, CRISTINA",97.5609756097561,False
661747,Guevara Noubir,148184,"NOUBIR, GUEVARA",96.55172413793103,False
661747,Rajmohan Rajaraman,141967,"RAJARAMAN, RAJMOHAN",97.29729729729729,True
661756,Edmund Yeh,1134983,"YEH, EDMUND",95.23809523809524,False
661990,Mingzhong Wu,2810099,"WU, MINGZHONG",96.0,False
662072,Ahmed Busnaina,141501,"BUSNAINA, AHMED",96.55172413793103,False
663599,Mario Sznaier,926130,"SZNAIER, MARIO",96.29629629629629,False
664155,Akram N Alshawabkeh,141504,"ALSHAWABKEH, AKRAM N",97.43589743589743,True
664588,Ibrahim Zeid,148841,"ZEID, IBRAHIM",96.0,False
664588,Ahmed A Busnaina,141501,"BUSNAINA, AHMED",90.3225806451613,True
664588,Sagar V Kamarthi,141459,"KAMARTHI, SAGAR V",96.96969696969697,True
664900,Pran Nath,141760,"NATH, PRAN",94.73684210526315,False
664905,Egon Schulte,141708,"SCHULTE, EGON",96.0,False
665045,Cristina Nita-Rotaru,1675635,"NITA-ROTARU, CRISTINA",97.5609756097561,False
665264,Steven Vollmer,622355,"VOLLMER, STEVEN V",90.3225806451613,False
665826,Hai-Ping Cheng,2878915,"CHENG, HAI-PING",96.55172413793103,False
945580,Sagar Kamarthi,141459,"KAMARTHI, SAGAR V",90.3225806451613,False
945580,Ibrahim Zeid,148841,"ZEID, IBRAHIM",96.0,True
947572,Mirek Riedewald,62652,"RIEDEWALD, MIREK",96.7741935483871,False
947821,Brian Helmuth,197469,"HELMUTH, BRIAN",96.29629629629629,False
1006092,Ning Wang,2689448,"WANG, NING",94.73684210526315,False
1006092,Ning Wang,2689448,"WANG, NING",94.73684210526315,True
1007650,Gordana Todorov,144852,"TODOROV, GORDANA G",90.9090909090909,False
671276,Tommaso Melodia,1793665,"MELODIA, TOMMASO",96.7741935483871,False
671552,Dionisio Bernal,141519,"BERNAL, DIONISIO",96.7741935483871,False
671593,Jerome F Hajjar,579392,"HAJJAR, JEROME F",96.7741935483871,True
671912,Christos Zahopoulos,141179,"ZAHOPOULOS, CHRISTOS",97.43589743589743,True
672778,James Benneyan,130033,"BENNEYAN, JAMES C",90.3225806451613,False
673113,Ramiro Martinez,1131086,"MARTINEZ, RAMIRO",96.7741935483871,False
673282,Deniz Erdogmus,60309,"ERDOGMUS, DENIZ",96.55172413793103,False
673592,Auroop R Ganguly,1130404,"GANGULY, AUROOP R",96.96969696969697,True
673993,Hanumant Singh,1645994,"SINGH, HANUMANT",96.55172413793103,True
674633,Herbert Levine,1383874,"LEVINE, HERBERT",96.55172413793103,False
674894,Randall Hughes,1969119,"HUGHES, RANDALL RANDALL",96.55172413793103,True
674959,Swastik Kar,548369,"KAR, SWASTIK",95.65217391304348,False
675252,Geoffrey C Trussell,141448,"TRUSSELL, GEOFFREY C",97.43589743589743,True
675411,Mirek Riedewald,62652,"RIEDEWALD, MIREK",96.7741935483871,True
675597,Maxim Braverman,141127,"BRAVERMAN, MAXIM",96.7741935483871,False
675892,Gene Cooperman,141650,"COOPERMAN, GENE D",90.3225806451613,False
676480,Brent Nelson,933419,"NELSON, BRENT",96.0,False
676591,Rifat Sipahi,933421,"SIPAHI, RIFAT",96.0,False
676610,Tommaso Melodia,1793665,"MELODIA, TOMMASO",96.7741935483871,False
677325,Ozlem Ergun,1793351,"ERGUN, OZLEM",95.65217391304348,True
677377,Edmund Yeh,1134983,"YEH, EDMUND",95.23809523809524,False
677946,Timothy Bickmore,959144,"BICKMORE, TIMOTHY W",91.42857142857143,False
678157,Andrew Gouldstone,358255,"GOULDSTONE, ANDREW",97.14285714285714,False
678159,Hongwei Sun,1018793,"SUN, HONGWEI",95.65217391304348,False
678183,Srinivas Sridhar,141846,"SRIDHAR, SRINIVAS",96.96969696969697,False
678183,Laura H Lewis,449227,"LEWIS, LAURA H",96.29629629629629,True
678256,Mirek Riedewald,62652,"RIEDEWALD, MIREK",96.7741935483871,False
678273,Javed Aslam,141188,"ASLAM, JAVED",95.65217391304348,False
678444,Moira Zellner,1526463,"ZELLNER, MOIRA",96.29629629629629,True
678504,J Timothy T Sage,141634,"SAGE, J TIMOTHY",90.3225806451613,True
678895,Ozlem Ergun,1793351,"ERGUN, OZLEM",95.65217391304348,False
679188,Geoffrey Trussell,141448,"TRUSSELL, GEOFFREY C",91.89189189189189,False
679188,Steven Vollmer,622355,"VOLLMER, STEVEN V",90.3225806451613,True
679447,Guevara Noubir,148184,"NOUBIR, GUEVARA",96.55172413793103,False
679447,Stefano Basagni,144655,"BASAGNI, STEFANO",96.7741935483871,True
679447,Peter Desnoyers,681029,"DESNOYERS, PETER J",90.9090909090909,True
679519,Vincent G Harris,144601,"HARRIS, VINCENT G",96.96969696969697,True
679612,Hanumant Singh,1645994,"SINGH, HANUMANT",96.55172413793103,False
679683,Nathan Israeloff,141563,"ISRAELOFF, NATHAN E",91.42857142857143,False
679968,Phil Brown,1988111,"BROWN, PHIL",95.23809523809524,True
680044,Guevara Noubir,148184,"NOUBIR, GUEVARA",96.55172413793103,False
680076,Hongwei Sun,1018793,"SUN, HONGWEI",95.65217391304348,True
680348,Herbert Levine,1383874,"LEVINE, HERBERT",96.55172413793103,False
680854,Ozlem Ergun,1793351,"ERGUN, OZLEM",95.65217391304348,False
681210,Michael Silevitch,144147,"SILEVITCH, MICHAEL B",91.89189189189189,False
681210,David R Kaeli,148296,"KAELI, DAVID R",96.29629629629629,True
681454,Vincent G Harris,144601,"HARRIS, VINCENT G",96.96969696969697,True
681978,Hongwei Sun,1018793,"SUN, HONGWEI",95.65217391304348,True
682077,Matthias Felleisen,141121,"FELLEISEN, MATTHIAS",97.29729729729729,False
682142,Olga Vitek,1798183,"VITEK, OLGA",95.23809523809524,True
682712,Abhi Shelat,1214954,"SHELAT, ABHI",95.65217391304348,False
682737,Kevin Fu,1538316,"FU, KEVIN",94.11764705882354,True
683195,Erin J Cram,933472,"CRAM, ERIN J",95.65217391304348,True
946281,Brian Helmuth,197469,"HELMUTH, BRIAN",96.29629629629629,True
736752,Brian Helmuth,197469,"HELMUTH, BRIAN",96.29629629629629,True
736755,Alessandro Vespignani,1134982,"VESPIGNANI, ALESSANDRO",97.67441860465117,True
736950,Moira Zellner,1526463,"ZELLNER, MOIRA",96.29629629629629,False
737672,Charles A DiMarzio,141028,"DIMARZIO, CHARLES",91.42857142857143,True
737832,Hanumant Singh,1645994,"SINGH, HANUMANT",96.55172413793103,False
739001,Moneesh Upmanyu,65819,"UPMANYU, MONEESH",96.7741935483871,False
739217,Taskin Padir,1672846,"PADIR, TASKIN",96.0,False
739218,Gunar Schirner,555187,"SCHIRNER, GUNAR",96.55172413793103,False
739218,Deniz Erdogmus,60309,"ERDOGMUS, DENIZ",96.55172413793103,True
739364,Edmund Yeh,1134983,"YEH, EDMUND",95.23809523809524,False
739678,Geoffrey Trussell,141448,"TRUSSELL, GEOFFREY C",91.89189189189189,False
739842,Matthew Nisbet,1799510,"NISBET, MATTHEW C",90.3225806451613,True
740053,Yang Zhang,1057773,"ZHANG, YANG",95.23809523809524,True
740096,Phil Brown,1988111,"BROWN, PHIL",95.23809523809524,False
740158,Erel Levine,1387527,"LEVINE, EREL",95.65217391304348,False
740290,Celia Pearce,1799507,"PEARCE, CELIA",96.0,False
740862,Carey Rappaport,141496,"RAPPAPORT, CAREY M",90.9090909090909,False
740862,Jose A Martinez-Lorenzo,422357,"MARTINEZ-LORENZO, JOSE ANGEL",90.19607843137254,True
740965,Darien Wood,141790,"WOOD, DARIEN",95.65217391304348,False
740965,Emanuela Barberis,141968,"BARBERIS, EMANUELA",97.14285714285714,True
740989,Yunsi Fei,1130475,"FEI, YUNSI",94.73684210526315,True
741205,Andrew Gouldstone,358255,"GOULDSTONE, ANDREW",97.14285714285714,False
741205,Sinan Muftu,141788,"MUFTU, SINAN",95.65217391304348,True
741241,Rifat Sipahi,933421,"SIPAHI, RIFAT",96.0,False
741241,Andrew Gouldstone,358255,"GOULDSTONE, ANDREW",97.14285714285714,True
741599,Rupal Patel,141211,"PATEL, RUPAL",95.65217391304348,False
741777,Michael Silevitch,144147,"SILEVITCH, MICHAEL B",91.89189189189189,False
741873,Abhi Shelat,1214954,"SHELAT, ABHI",95.65217391304348,True
742463,Mohamad Metghalchi,141505,"METGHALCHI, MOHAMAD",97.29729729729729,False
742463,Richard Harris,147299,"HARRIS, RICHARD",96.55172413793103,True
742960,Tommaso Melodia,1793665,"MELODIA, TOMMASO",96.7741935483871,False
743094,Akram N Alshawabkeh,141504,"ALSHAWABKEH, AKRAM N",97.43589743589743,True
743095,Dionisio Bernal,141519,"BERNAL, DIONISIO",96.7741935483871,False
743335,Ali Abur,951814,"ABUR, ALI",94.11764705882354,True
743658,Tina Eliassi-Rad,1672995,"ELIASSI-RAD, TINA",96.96969696969697,True
745250,Deniz Erdogmus,60309,"ERDOGMUS, DENIZ",96.55172413793103,True
745281,Matthias Felleisen,141121,"FELLEISEN, MATTHIAS",97.29729729729729,False
745324,Amal Ahmed,1131243,"AHMED, AMAL",95.23809523809524,False
745431,Ahmed A Busnaina,141501,"BUSNAINA, AHMED",90.3225806451613,True
745431,Christopher J Bosso,141880,"BOSSO, CHRISTOPHER JOHN",90.47619047619048,True
745882,Abhi Shelat,1214954,"SHELAT, ABHI",95.65217391304348,True
745910,Engin Kirda,500658,"KIRDA, ENGIN",95.65217391304348,False
746032,Lisa Feldman Barrett,526595,"BARRETT, LISA FELDMAN",97.5609756097561,False
746329,Herbert Levine,1383874,"LEVINE, HERBERT",96.55172413793103,False
746402,Ali Abur,951814,"ABUR, ALI",94.11764705882354,False
746559,Hai-Ping Cheng,2878915,"CHENG, HAI-PING",96.55172413793103,False
821537,Edmund Yeh,1134983,"YEH, EDMUND",95.23809523809524,False
823577,Edmund Yeh,1134983,"YEH, EDMUND",95.23809523809524,False
945567,Mohamad Metghalchi,141505,"METGHALCHI, MOHAMAD",97.29729729729729,True
945567,Jerome F Hajjar,579392,"HAJJAR, JEROME F",96.7741935483871,True
945567,Sara Wadia-Fascetti,141701,"WADIA-FASCETTI, SARA J",92.6829268292683,True
945709,Aaron Seitz,2666278,"SEITZ, AARON",95.65217391304348,False
1007152,Gordana Todorov,144852,"TODOROV, GORDANA G",90.9090909090909,False
1070250,Herbert Levine,1383874,"LEVINE, HERBERT",96.55172413793103,False
742594,Gordana Todorov,144852,"TODOROV, GORDANA G",90.9090909090909,False
743097,Mehrdad Sasani,141904,"SASANI, MEHRDAD",96.55172413793103,False
743614,Stefano Basagni,144655,"BASAGNI, STEFANO",96.7741935483871,True
817689,Moira Zellner,1526463,"ZELLNER, MOIRA",96.29629629629629,True
818049,Sara Wadia-Fascetti,141701,"WADIA-FASCETTI, SARA J",92.6829268292683,False
818747,Kai-tak Wan,401600,"WAN, KAI-TAK",95.65217391304348,False
818747,Sinan Muftu,141788,"MUFTU, SINAN",95.65217391304348,True
819054,Jerome F Hajjar,579392,"HAJJAR, JEROME F",96.7741935483871,True
819898,Ningfang Mi,555162,"MI, NINGFANG",95.65217391304348,False
819940,Rajmohan Rajaraman,141967,"RAJARAMAN, RAJMOHAN",97.29729729729729,True
819959,Guevara Noubir,148184,"NOUBIR, GUEVARA",96.55172413793103,False
819959,Guevara Noubir,148184,"NOUBIR, GUEVARA",96.55172413793103,True
819968,Kevin Fu,1538316,"FU, KEVIN",94.11764705882354,True
820797,Javed Aslam,141188,"ASLAM, JAVED",95.65217391304348,False
822041,Swastik Kar,548369,"KAR, SWASTIK",95.65217391304348,False
822041,Yung Joon Jung,959185,"JUNG, YUNG JOON",96.55172413793103,True
822159,Rajmohan Rajaraman,141967,"RAJARAMAN, RAJMOHAN",97.29729729729729,False
822159,Ravi Sundaram,144197,"SUNDARAM, RAVI",96.29629629629629,True
822237,Ahmed Busnaina,141501,"BUSNAINA, AHMED",96.55172413793103,False
822268,Srinivas Sridhar,141846,"SRIDHAR, SRINIVAS",96.96969696969697,False
822281,Latika Menon,957973,"MENON, LATIKA",96.0,False
822517,Philip Larese-Casanova,541064,"LARESE-CASANOVA, PHILIP",97.77777777777777,False
822536,Herbert Levine,1383874,"LEVINE, HERBERT",96.55172413793103,True
822631,Herbert Levine,1383874,"LEVINE, HERBERT",96.55172413793103,True
823173,Carla Mattos,1135712,"MATTOS, CARLA",96.0,False
823275,Gene Cooperman,141650,"COOPERMAN, GENE D",90.3225806451613,True
823412,Carla Mattos,1135712,"MATTOS, CARLA",96.0,False
823412,Mary Jo Ondrechen,141740,"ONDRECHEN, MARY JO",97.14285714285714,True
823412,Penny J Beuning,926928,"BEUNING, PENNY J",96.7741935483871,True
823412,Lee Makowski,544933,"MAKOWSKI, LEE",96.0,True
823471,Guevara Noubir,148184,"NOUBIR, GUEVARA",96.55172413793103,False
823471,David R Kaeli,148296,"KAELI, DAVID R",96.29629629629629,True
823548,Milica Stojanovic,938959,"STOJANOVIC, MILICA",97.14285714285714,False
823621,Tommaso Melodia,1793665,"MELODIA, TOMMASO",96.7741935483871,True
823657,Phil Brown,1988111,"BROWN, PHIL",95.23809523809524,False
823669,Ali Abur,951814,"ABUR, ALI",94.11764705882354,False
824446,Erel Levine,1387527,"LEVINE, EREL",95.65217391304348,False
824515,Lee Makowski,544933,"MAKOWSKI, LEE",96.0,False
824515,Deniz Erdogmus,60309,"ERDOGMUS, DENIZ",96.55172413793103,True
825992,Miriam E Leeser,141667,"LEESER, MIRIAM E",96.7741935483871,True
826098,Olga Vitek,1798183,"VITEK, OLGA",95.23809523809524,True
826261,Mingzhong Wu,2810099,"WU, MINGZHONG",96.0,False
826415,Mingzhong Wu,2810099,"WU, MINGZHONG",96.0,True
826427,Tommaso Melodia,1793665,"MELODIA, TOMMASO",96.7741935483871,False
826828,Luca Caracoglia,197423,"CARACOGLIA, LUCA",96.7741935483871,False
827114,Cristina Nita-Rotaru,1675635,"NITA-ROTARU, CRISTINA",97.5609756097561,False
827192,Mary Jo Ondrechen,141740,"ONDRECHEN, MARY JO",97.14285714285714,False
827192,Penny J Beuning,926928,"BEUNING, PENNY J",96.7741935483871,True
827525,Moira Zellner,1526463,"ZELLNER, MOIRA",96.29629629629629,True
896413,Herbert Levine,1383874,"LEVINE, HERBERT",96.55172413793103,False
903082,Herbert Levine,1383874,"LEVINE, HERBERT",96.55172413793103,False
1006291,Guevara Noubir,148184,"NOUBIR, GUEVARA",96.55172413793103,False
1006291,Guevara Noubir,148184,"NOUBIR, GUEVARA",96.55172413793103,True
1071527,Jonathan Weitsman,64157,"WEITSMAN, JONATHAN",97.14285714285714,False
826439,Tommaso Melodia,1793665,"MELODIA, TOMMASO",96.7741935483871,False
892374,Kai-tak Wan,401600,"WAN, KAI-TAK",95.65217391304348,False
892374,Sinan Muftu,141788,"MUFTU, SINAN",95.65217391304348,True
892569,Emanuele Viola,65788,"VIOLA, EMANUELE",96.55172413793103,False
892629,Bradley Lehman,148269,"LEHMAN, BRADLEY M",90.3225806451613,False
892968,Abraham Joy,2481830,"JOY, ABRAHAM",95.65217391304348,True
893781,Mary Jo Ondrechen,141740,"ONDRECHEN, MARY JO",97.14285714285714,False
893781,Penny J Beuning,926928,"BEUNING, PENNY J",96.7741935483871,True
894321,Jeffrey Ruberti,148920,"RUBERTI, JEFFREY W",90.9090909090909,False
894726,Christopher J Bosso,141880,"BOSSO, CHRISTOPHER JOHN",90.47619047619048,True
894726,Ronald L Sandler,141173,"SANDLER, RONALD L",96.96969696969697,True
895452,Sergey Kravchenko,124859,"KRAVCHENKO, SERGEY",97.14285714285714,False
896031,Herbert Levine,1383874,"LEVINE, HERBERT",96.55172413793103,False
896282,Gunar Schirner,555187,"SCHIRNER, GUNAR",96.55172413793103,False
896282,David R Kaeli,148296,"KAELI, DAVID R",96.29629629629629,True
897252,Daniel Wichs,1967426,"WICHS, DANIEL",96.0,False
897350,Marvin Onabajo,1131868,"ONABAJO, MARVIN",96.55172413793103,False
897364,Hongwei Sun,1018793,"SUN, HONGWEI",95.65217391304348,False
897604,Carol Livermore,1130479,"LIVERMORE, CAROL",96.7741935483871,False
897719,Taskin Padir,1672846,"PADIR, TASKIN",96.0,False
898947,Yingzi Lin,959197,"LIN, YINGZI",95.23809523809524,False
898950,Guohao Dai,1211879,"DAI, GUOHAO",95.23809523809524,False
899338,Carla Mattos,1135712,"MATTOS, CARLA",96.0,False
899592,Justin B Ries,1902582,"RIES, JUSTIN B",96.29629629629629,True
900571,Olga Vitek,1798183,"VITEK, OLGA",95.23809523809524,True
900590,Herbert Levine,1383874,"LEVINE, HERBERT",96.55172413793103,False
901052,Pran Nath,141760,"NATH, PRAN",94.73684210526315,False
901052,Tomasz R Taylor,141152,"TAYLOR, TOMASZ R",96.7741935483871,True
901225,Carla Mattos,1135712,"MATTOS, CARLA",96.0,False
901225,Patricia A Mabrouk,144106,"MABROUK, PATRICIA A",97.29729729729729,True
901317,Octavia Camps,926134,"CAMPS, OCTAVIA",96.29629629629629,False
901317,Mario Sznaier,926130,"SZNAIER, MARIO",96.29629629629629,True
901804,Sarah Ostadabbas,1670929,"OSTADABBAS, SARAH",96.96969696969697,False
902544,Tommaso Melodia,1793665,"MELODIA, TOMMASO",96.7741935483871,False
903210,Kevin Fu,1538316,"FU, KEVIN",94.11764705882354,False
903217,Yunsi Fei,1130475,"FEI, YUNSI",94.73684210526315,False
903217,Aidong A Ding,148294,"DING, AIDONG A",96.29629629629629,True
903227,Tina Eliassi-Rad,1672995,"ELIASSI-RAD, TINA",96.96969696969697,False
903232,Daniel Wichs,1967426,"WICHS, DANIEL",96.0,False
903555,Celia Pearce,1799507,"PEARCE, CELIA",96.0,False
970939,Taskin Padir,1672846,"PADIR, TASKIN",96.0,False
980774,Herbert Levine,1383874,"LEVINE, HERBERT",96.55172413793103,False
1071500,Yunsi Fei,1130475,"FEI, YUNSI",94.73684210526315,False
1071500,Miriam E Leeser,141667,"LEESER, MIRIAM E",96.7741935483871,True
1071500,David R Kaeli,148296,"KAELI, DAVID R",96.29629629629629,True
1072081,Vivek Venkatachalam,1875220,"VENKATACHALAM, VIVEK",97.43589743589743,False
952036,Yaning Li,1064186,"LI, YANING",94.73684210526315,False
953347,Rajmohan Rajaraman,141967,"RAJARAMAN, RAJMOHAN",97.29729729729729,False
954206,Luca Caracoglia,197423,"CARACOGLIA, LUCA",96.7741935483871,False
955386,Auroop Ganguly,1130404,"GANGULY, AUROOP R",90.3225806451613,False
957316,Herbert Levine,1383874,"LEVINE, HERBERT",96.55172413793103,True
957905,Matthias Felleisen,141121,"FELLEISEN, MATTHIAS",97.29729729729729,False
959615,Herbert Levine,1383874,"LEVINE, HERBERT",96.55172413793103,True
960260,Ibrahim Zeid,148841,"ZEID, IBRAHIM",96.0,False
960260,Sagar V Kamarthi,141459,"KAMARTHI, SAGAR V",96.96969696969697,True
961983,Aidong A Ding,148294,"DING, AIDONG A",96.29629629629629,True
961983,Tarik Gouhier,1986665,"GOUHIER, TARIK",96.29629629629629,True
961983,Auroop R Ganguly,1130404,"GANGULY, AUROOP R",96.96969696969697,True
963644,Yung Joon Jung,959185,"JUNG, YUNG JOON",96.55172413793103,False
963644,David R Kaeli,148296,"KAELI, DAVID R",96.29629629629629,True
963644,Moneesh Upmanyu,65819,"UPMANYU, MONEESH",96.7741935483871,True
963644,Carol Livermore,1130479,"LIVERMORE, CAROL",96.7741935483871,True
964347,Rupal Patel,141211,"PATEL, RUPAL",95.65217391304348,False
964368,Josep Jornet,1080747,"JORNET, JOSEP",96.0,False
966582,Darien Wood,141790,"WOOD, DARIEN",95.65217391304348,False
966582,Emanuela Barberis,141968,"BARBERIS, EMANUELA",97.14285714285714,True
968614,Abraham Joy,2481830,"JOY, ABRAHAM",95.65217391304348,False
970998,Francesco Restuccia,1881856,"RESTUCCIA, FRANCESCO",97.43589743589743,True
971200,Slava S Epstein,144190,"EPSTEIN, SLAVA S",96.7741935483871,True
971450,Javed Aslam,141188,"ASLAM, JAVED",95.65217391304348,False
973781,Mary Jo Ondrechen,141740,"ONDRECHEN, MARY JO",97.14285714285714,True
976283,Casper Harteveld,1982335,"HARTEVELD, CASPER",96.96969696969697,True
977001,Stefano Basagni,144655,"BASAGNI, STEFANO",96.7741935483871,False
977001,Milica Stojanovic,938959,"STOJANOVIC, MILICA",97.14285714285714,True
977001,Yunsi Fei,1130475,"FEI, YUNSI",94.73684210526315,True
977718,Arjun Guha,66183,"GUHA, ARJUN",95.23809523809524,False
977746,Edmund Yeh,1134983,"YEH, EDMUND",95.23809523809524,False
977781,Dimitrios Koutsonikolas,1579631,"KOUTSONIKOLAS, DIMITRIOS",97.87234042553192,False
977788,Tommaso Melodia,1793665,"MELODIA, TOMMASO",96.7741935483871,False
978846,Seth Hutchinson,2481837,"HUTCHINSON, SETH",96.7741935483871,False
980275,Casper Harteveld,1982335,"HARTEVELD, CASPER",96.96969696969697,False
980275,Casper Harteveld,1982335,"HARTEVELD, CASPER",96.96969696969697,True
982657,Taskin Padir,1672846,"PADIR, TASKIN",96.0,False
982661,Taskin Padir,1672846,"PADIR, TASKIN",96.0,True
984041,Mario Sznaier,926130,"SZNAIER, MARIO",96.29629629629629,False
986162,Matthias Felleisen,141121,"FELLEISEN, MATTHIAS",97.29729729729729,False
986279,Gene Cooperman,141650,"COOPERMAN, GENE D",90.3225806451613,False
986995,Mingzhong Wu,2810099,"WU, MINGZHONG",96.0,False
987072,Ozlem Ergun,1793351,"ERGUN, OZLEM",95.65217391304348,True
987946,Dimitrios Koutsonikolas,1579631,"KOUTSONIKOLAS, DIMITRIOS",97.87234042553192,False
989404,Erel Levine,1387527,"LEVINE, EREL",95.65217391304348,False
992228,Engin Kirda,500658,"KIRDA, ENGIN",95.65217391304348,False
992248,Guevara Noubir,148184,"NOUBIR, GUEVARA",96.55172413793103,False
992262,Cristina Nita-Rotaru,1675635,"NITA-ROTARU, CRISTINA",97.5609756097561,False
992295,Daniel Wichs,1967426,"WICHS, DANIEL",96.0,False
992503,Ekaterina Botchkovar,407506,"BOTCHKOVAR, EKATERINA",97.5609756097561,True
992506,Hai-Ping Cheng,2878915,"CHENG, HAI-PING",96.55172413793103,False
994031,Herbert Levine,1383874,"LEVINE, HERBERT",96.55172413793103,False
1088840,Amal Ahmed,1131243,"AHMED, AMAL",95.23809523809524,False
1088899,Dimitrios Koutsonikolas,1579631,"KOUTSONIKOLAS, DIMITRIOS",97.87234042553192,False
1495543,Sara Wadia-Fascetti,141701,"WADIA-FASCETTI, SARA J",92.6829268292683,False
973823,Hanumant Singh,1645994,"SINGH, HANUMANT",96.55172413793103,True
979357,Amy Mueller,1670302,"MUELLER, AMY",95.65217391304348,False
1026009,Rifat Sipahi,933421,"SIPAHI, RIFAT",96.0,True
1026442,Ravi Sundaram,144197,"SUNDARAM, RAVI",96.29629629629629,False
1026442,Rajmohan Rajaraman,141967,"RAJARAMAN, RAJMOHAN",97.29729729729729,True
1026507,Carla Mattos,1135712,"MATTOS, CARLA",96.0,False
1027105,Predrag Radivojac,1357914,"RADIVOJAC, PREDRAG",97.14285714285714,False
1028297,Christoph Riedl,1905406,"RIEDL, CHRISTOPH",96.7741935483871,False
1028301,Timothy Bickmore,959144,"BICKMORE, TIMOTHY W",91.42857142857143,False
1028335,Stacy Marsella,1759074,"MARSELLA, STACY C",90.3225806451613,False
1028709,Ozlem Ergun,1793351,"ERGUN, OZLEM",95.65217391304348,False
1028856,Luca Caracoglia,197423,"CARACOGLIA, LUCA",96.7741935483871,False
1029946,Geoffrey Trussell,141448,"TRUSSELL, GEOFFREY C",91.89189189189189,False
1029946,Tarik Gouhier,1986665,"GOUHIER, TARIK",96.29629629629629,True
1030491,Philip Larese-Casanova,541064,"LARESE-CASANOVA, PHILIP",97.77777777777777,False
1030578,Hanumant Singh,1645994,"SINGH, HANUMANT",96.55172413793103,True
1031574,Tarik Gouhier,1986665,"GOUHIER, TARIK",96.29629629629629,False
1031574,Steven Vollmer,622355,"VOLLMER, STEVEN V",90.3225806451613,True
1031768,Deniz Erdogmus,60309,"ERDOGMUS, DENIZ",96.55172413793103,False
1031768,Taskin Padir,1672846,"PADIR, TASKIN",96.0,True
1031768,Gunar Schirner,555187,"SCHIRNER, GUNAR",96.55172413793103,True
1032578,Gunar Schirner,555187,"SCHIRNER, GUNAR",96.55172413793103,True
1033096,Mary Jo Ondrechen,141740,"ONDRECHEN, MARY JO",97.14285714285714,False
1033096,Penny J Beuning,926928,"BEUNING, PENNY J",96.7741935483871,True
1033184,Hai-Ping Cheng,2878915,"CHENG, HAI-PING",96.55172413793103,False
1033936,Dagmar Sternad,62737,"STERNAD, DAGMAR",96.55172413793103,False
1034210,Allison M Dennis,2666885,"DENNIS, ALLISON",90.3225806451613,True
1034291,Babak Heydari,1405325,"HEYDARI, BABAK",96.29629629629629,False
1034485,Josep Jornet,1080747,"JORNET, JOSEP",96.0,False
1035009,Meni Wanunu,1138114,"WANUNU, MENI",95.65217391304348,True
1036489,Rifat Sipahi,933421,"SIPAHI, RIFAT",96.0,False
1036869,Ibrahim Zeid,148841,"ZEID, IBRAHIM",96.0,False
1037087,Tommaso Melodia,1793665,"MELODIA, TOMMASO",96.7741935483871,False
1038132,John Coley,141896,"COLEY, JOHN",95.23809523809524,False
1038959,Gordana Todorov,144852,"TODOROV, GORDANA G",90.9090909090909,False
1039027,Ning Wang,2689448,"WANG, NING",94.73684210526315,True
1040113,Nian Sun,140848,"SUN, NIAN",94.11764705882354,False
1040742,Herbert Levine,1383874,"LEVINE, HERBERT",96.55172413793103,False
1040830,Abraham Joy,2481830,"JOY, ABRAHAM",95.65217391304348,False
1041494,Herbert Levine,1383874,"LEVINE, HERBERT",96.55172413793103,False
1041587,Abhi Shelat,1214954,"SHELAT, ABHI",95.65217391304348,True
1042605,Casper Harteveld,1982335,"HARTEVELD, CASPER",96.96969696969697,True
1043071,Armen Stepanyants,140432,"STEPANYANTS, ARMEN B",91.89189189189189,False
1043196,Mehrdad Sasani,141904,"SASANI, MEHRDAD",96.55172413793103,False
1044050,Matthias Felleisen,141121,"FELLEISEN, MATTHIAS",97.29729729729729,False
1044299,Aaron Seitz,2666278,"SEITZ, AARON",95.65217391304348,True
1044550,Phil Brown,1988111,"BROWN, PHIL",95.23809523809524,False
1045155,Abraham Joy,2481830,"JOY, ABRAHAM",95.65217391304348,False
1046129,Iris Berent,61928,"BERENT, IRIS",95.65217391304348,False
1047425,Charles DiMarzio,141028,"DIMARZIO, CHARLES",96.96969696969697,False
1048411,Erin J Cram,933472,"CRAM, ERIN J",95.65217391304348,True
1087997,Herbert Levine,1383874,"LEVINE, HERBERT",96.55172413793103,False
1088558,Srinivas Sridhar,141846,"SRIDHAR, SRINIVAS",96.96969696969697,False
1088598,Ahmed Busnaina,141501,"BUSNAINA, AHMED",96.55172413793103,False
1088598,Vladimir P Torchilin,141513,"TORCHILIN, VLADIMIR P",97.5609756097561,True
1088994,Cristina Nita-Rotaru,1675635,"NITA-ROTARU, CRISTINA",97.5609756097561,False
1088995,Cristina Nita-Rotaru,1675635,"NITA-ROTARU, CRISTINA",97.5609756097561,False
1027083,David R Kaeli,148296,"KAELI, DAVID R",96.29629629629629,True
1118891,Yanzhi Wang,1403996,"WANG, YANZHI",95.65217391304348,True
1119154,Meni Wanunu,1138114,"WANUNU, MENI",95.65217391304348,False
1121089,David R Kaeli,148296,"KAELI, DAVID R",96.29629629629629,True
1121089,Stacy Marsella,1759074,"MARSELLA, STACY C",90.3225806451613,True
1121089,Casper Harteveld,1982335,"HARTEVELD, CASPER",96.96969696969697,True
1121089,Ozlem Ergun,1793351,"ERGUN, OZLEM",95.65217391304348,True
1121286,Randall Hughes,1969119,"HUGHES, RANDALL RANDALL",96.55172413793103,False
1121331,Jessica A Hoffman,141694,"HOFFMAN, JESSICA A",97.14285714285714,True
1121425,Hanumant Singh,1645994,"SINGH, HANUMANT",96.55172413793103,False
1121563,Ming Su,1799518,"SU, MING",93.33333333333333,False
1121980,Liza Weinstein,555333,"WEINSTEIN, LIZA",96.55172413793103,False
1122121,Hanumant Singh,1645994,"SINGH, HANUMANT",96.55172413793103,False
1122265,Cristina Nita-Rotaru,1675635,"NITA-ROTARU, CRISTINA",97.5609756097561,False
1122287,Rouzbeh Amini,118983,"AMINI, ROUZBEH",96.29629629629629,True
1122951,James R Monaghan,1982126,"MONAGHAN, JAMES",90.3225806451613,True
1123245,Christopher Beasley,541561,"BEASLEY, CHRISTOPHER E",92.6829268292683,False
1123950,Taskin Padir,1672846,"PADIR, TASKIN",96.0,False
1123950,Bahram Shafai,141449,"SHAFAI, BAHRAM",96.29629629629629,True
1124095,James Halverson,1671743,"HALVERSON, JAMES",96.7741935483871,False
1124378,Akram N Alshawabkeh,141504,"ALSHAWABKEH, AKRAM N",97.43589743589743,True
1124530,Hongwei Sun,1018793,"SUN, HONGWEI",95.65217391304348,False
1125077,Liza Weinstein,555333,"WEINSTEIN, LIZA",96.55172413793103,False
1125275,Guevara Noubir,148184,"NOUBIR, GUEVARA",96.55172413793103,False
1125292,Bradley Lehman,148269,"LEHMAN, BRADLEY M",90.3225806451613,False
1125292,Mahshid Amirabadi,1675420,"AMIRABADI, MAHSHID",97.14285714285714,True
1125717,Taskin Padir,1672846,"PADIR, TASKIN",96.0,False
1125784,Mingzhong Wu,2810099,"WU, MINGZHONG",96.0,True
1126121,Taskin Padir,1672846,"PADIR, TASKIN",96.0,False
1126713,Hongwei Sun,1018793,"SUN, HONGWEI",95.65217391304348,False
1126884,Abhi Shelat,1214954,"SHELAT, ABHI",95.65217391304348,False
1127332,Wolfgang Gatterbauer,1872002,"GATTERBAUER, WOLFGANG",97.5609756097561,True
1127443,Ryan Koppes,1670310,"KOPPES, RYAN",95.65217391304348,False
1127522,Pran Nath,141760,"NATH, PRAN",94.73684210526315,False
1127522,Tomasz R Taylor,141152,"TAYLOR, TOMASZ R",96.7741935483871,True
1127607,Dimitrios Koutsonikolas,1579631,"KOUTSONIKOLAS, DIMITRIOS",97.87234042553192,False
1127951,Dionisio Bernal,141519,"BERNAL, DIONISIO",96.7741935483871,False
1128100,Abraham Joy,2481830,"JOY, ABRAHAM",95.65217391304348,False
1128180,Tommaso Melodia,1793665,"MELODIA, TOMMASO",96.7741935483871,False
1128294,Yunsi Fei,1130475,"FEI, YUNSI",94.73684210526315,False
1128294,Aidong A Ding,148294,"DING, AIDONG A",96.29629629629629,True
1128436,Brian Helmuth,197469,"HELMUTH, BRIAN",96.29629629629629,False
1128436,Tarik Gouhier,1986665,"GOUHIER, TARIK",96.29629629629629,True
1128608,Bradley Lehman,148269,"LEHMAN, BRADLEY M",90.3225806451613,False
1128608,Richard Harris,147299,"HARRIS, RICHARD",96.55172413793103,True
1129089,Cristina Nita-Rotaru,1675635,"NITA-ROTARU, CRISTINA",97.5609756097561,False
1129405,Rupal Patel,141211,"PATEL, RUPAL",95.65217391304348,False
1129681,Stratis Ioannidis,1671490,"IOANNIDIS, STRATIS",97.14285714285714,False
1129681,Jennifer G Dy,141178,"DY, JENNIFER G",96.29629629629629,True
1129681,Deniz Erdogmus,60309,"ERDOGMUS, DENIZ",96.55172413793103,True
1129718,Cristina Nita-Rotaru,1675635,"NITA-ROTARU, CRISTINA",97.5609756097561,False
1129741,Amal Ahmed,1131243,"AHMED, AMAL",95.23809523809524,True
1129829,Yunsi Fei,1130475,"FEI, YUNSI",94.73684210526315,True
1130351,Abhi Shelat,1214954,"SHELAT, ABHI",95.65217391304348,False
1130858,Tommaso Melodia,1793665,"MELODIA, TOMMASO",96.7741935483871,False
1130858,Matteo Rinaldi,1178430,"RINALDI, MATTEO",96.55172413793103,True
1131449,Herbert Levine,1383874,"LEVINE, HERBERT",96.55172413793103,False
1131740,James R Monaghan,1982126,"MONAGHAN, JAMES",90.3225806451613,True
1131798,Susanne Jaeggi,2629594,"JAEGGI, SUSANNE",96.55172413793103,False
1131974,Brian Helmuth,197469,"HELMUTH, BRIAN",96.29629629629629,False
1131974,Geoffrey C Trussell,141448,"TRUSSELL, GEOFFREY C",97.43589743589743,True
1132045,Mario Sznaier,926130,"SZNAIER, MARIO",96.29629629629629,False
1132045,Lisa Feldman Barrett,526595,"BARRETT, LISA FELDMAN",97.5609756097561,True
1132045,Stacy Marsella,1759074,"MARSELLA, STACY C",90.3225806451613,True
1132045,Jacqueline A Griffin,1967635,"GRIFFIN, JACQUELINE ANN",93.02325581395348,True
1133099,Leanne Chukoskie,2981296,"CHUKOSKIE, LEANNE",96.96969696969697,False
1133387,Herbert Levine,1383874,"LEVINE, HERBERT",96.55172413793103,False
1167595,Tina Eliassi-Rad,1672995,"ELIASSI-RAD, TINA",96.96969696969697,False
1168098,Edmund Yeh,1134983,"YEH, EDMUND",95.23809523809524,False
1168602,Yingzi Lin,959197,"LIN, YINGZI",95.23809523809524,False
1168652,Deniz Erdogmus,60309,"ERDOGMUS, DENIZ",96.55172413793103,False
1168704,Swastik Kar,548369,"KAR, SWASTIK",95.65217391304348,False
1169275,Abhi Shelat,1214954,"SHELAT, ABHI",95.65217391304348,False
1166909,Justin B Ries,1902582,"RIES, JUSTIN B",96.29629629629629,True
1166944,Dagmar Sternad,62737,"STERNAD, DAGMAR",96.55172413793103,False
1167205,Jonathan Weitsman,64157,"WEITSMAN, JONATHAN",97.14285714285714,True
1167205,Christopher E Beasley,541561,"BEASLEY, CHRISTOPHER E",97.67441860465117,True
1167527,Yanzhi Wang,1403996,"WANG, YANZHI",95.65217391304348,True
1167537,Bradley Lehman,148269,"LEHMAN, BRADLEY M",90.3225806451613,False
1167537,Laura H Lewis,449227,"LEWIS, LAURA H",96.29629629629629,True
1167537,Taskin Padir,1672846,"PADIR, TASKIN",96.0,True
1167537,Mahshid Amirabadi,1675420,"AMIRABADI, MAHSHID",97.14285714285714,True
1168333,James Monaghan,1982126,"MONAGHAN, JAMES",96.55172413793103,False
1168424,Ehsan Elhamifar,1672390,"ELHAMIFAR, EHSAN",96.7741935483871,False
1168534,Hanumant Singh,1645994,"SINGH, HANUMANT",96.55172413793103,False
1280165,Mario Sznaier,926130,"SZNAIER, MARIO",96.29629629629629,False
1280658,Edmund Yeh,1134983,"YEH, EDMUND",95.23809523809524,False
1280898,Guevara Noubir,148184,"NOUBIR, GUEVARA",96.55172413793103,False
1280898,David R Kaeli,148296,"KAELI, DAVID R",96.29629629629629,True
1280909,Ziming Zhao,2087916,"ZHAO, ZIMING",95.65217391304348,True
1281371,Taskin Padir,1672846,"PADIR, TASKIN",96.0,False
1281400,Brian Helmuth,197469,"HELMUTH, BRIAN",96.29629629629629,True
1281400,Loretta A Fernandez,184566,"FERNANDEZ, LORETTA ANA",92.6829268292683,True
1281508,Yung Joon Jung,959185,"JUNG, YUNG JOON",96.55172413793103,False
1281508,Swastik Kar,548369,"KAR, SWASTIK",95.65217391304348,True
1281694,Engin Kirda,500658,"KIRDA, ENGIN",95.65217391304348,False
1281786,Kai-tak Wan,401600,"WAN, KAI-TAK",95.65217391304348,False
1281786,Sinan Muftu,141788,"MUFTU, SINAN",95.65217391304348,True
1281919,Josep Jornet,1080747,"JORNET, JOSEP",96.0,False
1282023,Darien Wood,141790,"WOOD, DARIEN",95.65217391304348,False
1282023,Emanuela Barberis,141968,"BARBERIS, EMANUELA",97.14285714285714,True
1282033,Yanzhi Wang,1403996,"WANG, YANZHI",95.65217391304348,True
1282326,Hai-Ping Cheng,2878915,"CHENG, HAI-PING",96.55172413793103,False
1282440,Meni Wanunu,1138114,"WANUNU, MENI",95.65217391304348,True
1282477,Jing-Ke Weng,2206595,"WENG, JING-KE",96.0,False
1283489,Erel Levine,1387527,"LEVINE, EREL",95.65217391304348,False
1283616,Deniz Erdogmus,60309,"ERDOGMUS, DENIZ",96.55172413793103,False
1283648,Frank Tip,1216040,"TIP, FRANK",94.73684210526315,False
1283965,Jonathan Ullman,1678790,"ULLMAN, JONATHAN",96.7741935483871,False
1284001,Ravi Sundaram,144197,"SUNDARAM, RAVI",96.29629629629629,False
1284003,Stratis Ioannidis,1671490,"IOANNIDIS, STRATIS",97.14285714285714,False
1284138,Josep Jornet,1080747,"JORNET, JOSEP",96.0,False
1284144,Stratis Ioannidis,1671490,"IOANNIDIS, STRATIS",97.14285714285714,False
1284144,Miriam E Leeser,141667,"LEESER, MIRIAM E",96.7741935483871,True
1284570,Geoffrey Trussell,141448,"TRUSSELL, GEOFFREY C",91.89189189189189,False
1284716,Dagmar Sternad,62737,"STERNAD, DAGMAR",96.55172413793103,False
1285169,Mingzhong Wu,2810099,"WU, MINGZHONG",96.0,True
1285387,Tommaso Melodia,1793665,"MELODIA, TOMMASO",96.7741935483871,False
1285387,Stefano Basagni,144655,"BASAGNI, STEFANO",96.7741935483871,True
1285387,Milica Stojanovic,938959,"STOJANOVIC, MILICA",97.14285714285714,True
1285387,Matteo Rinaldi,1178430,"RINALDI, MATTEO",96.55172413793103,True
1285495,James R Monaghan,1982126,"MONAGHAN, JAMES",90.3225806451613,True
1285524,Xue Lin,1217516,"LIN, XUE",93.33333333333333,False
1285524,David R Kaeli,148296,"KAELI, DAVID R",96.29629629629629,True
1285730,Josep Jornet,1080747,"JORNET, JOSEP",96.0,False
1285738,Enrico Bertini,2969201,"BERTINI, ENRICO",96.55172413793103,False
1285980,Iris Berent,61928,"BERENT, IRIS",95.65217391304348,False
1286095,Casper Harteveld,1982335,"HARTEVELD, CASPER",96.96969696969697,False
1286231,Albert-Laszlo Barabasi,404727,"BARABASI, ALBERT-LASZLO",97.77777777777777,False
1286231,Auroop R Ganguly,1130404,"GANGULY, AUROOP R",96.96969696969697,True
1286275,Albert-Laszlo Barabasi,404727,"BARABASI, ALBERT-LASZLO",97.77777777777777,False
1286323,Tarik Gouhier,1986665,"GOUHIER, TARIK",96.29629629629629,False
1286362,Phil Brown,1988111,"BROWN, PHIL",95.23809523809524,False
1286541,Yanzhi Wang,1403996,"WANG, YANZHI",95.65217391304348,True
1286944,James Benneyan,130033,"BENNEYAN, JAMES C",90.3225806451613,False
1287156,Guevara Noubir,148184,"NOUBIR, GUEVARA",96.55172413793103,False
1287307,Swastik Kar,548369,"KAR, SWASTIK",95.65217391304348,False
1287357,Josep Jornet,1080747,"JORNET, JOSEP",96.0,False
1287380,Herbert Levine,1383874,"LEVINE, HERBERT",96.55172413793103,False
1287428,Herbert Levine,1383874,"LEVINE, HERBERT",96.55172413793103,True
1287455,Frank Tip,1216040,"TIP, FRANK",94.73684210526315,False
1287476,Stratis Ioannidis,1671490,"IOANNIDIS, STRATIS",97.14285714285714,False
1287476,Tina Eliassi-Rad,1672995,"ELIASSI-RAD, TINA",96.96969696969697,True
1287670,Leanne Chukoskie,2981296,"CHUKOSKIE, LEANNE",96.96969696969697,False
1287830,Herbert Levine,1383874,"LEVINE, HERBERT",96.55172413793103,False
1288048,Matthew Goodwin,1134620,"GOODWIN, MATTHEW S",90.9090909090909,False
1306523,Hai-Ping Cheng,2878915,"CHENG, HAI-PING",96.55172413793103,False
1286617,Gene Cooperman,141650,"COOPERMAN, GENE D",90.3225806451613,False
1306178,Sara Wadia-Fascetti,141701,"WADIA-FASCETTI, SARA J",92.6829268292683,True
1313096,Yunsi Fei,1130475,"FEI, YUNSI",94.73684210526315,False
1318869,Gordana Todorov,144852,"TODOROV, GORDANA G",90.9090909090909,False
1319056,Bradley Lehman,148269,"LEHMAN, BRADLEY M",90.3225806451613,False
1319249,Sara Wadia-Fascetti,141701,"WADIA-FASCETTI, SARA J",92.6829268292683,False
1319249,Mohamad Metghalchi,141505,"METGHALCHI, MOHAMAD",97.29729729729729,True
1319249,Carla Mattos,1135712,"MATTOS, CARLA",96.0,True
1319249,Richard Harris,147299,"HARRIS, RICHARD",96.55172413793103,True
1320968,Veronica Godoy-Carter,959193,"GODOY-CARTER, VERONICA S",93.33333333333333,True
1333256,Sarah Ostadabbas,1670929,"OSTADABBAS, SARAH",96.96969696969697,False
1333355,Yingzi Lin,959197,"LIN, YINGZI",95.23809523809524,True
1333357,Gavin Shatkin,1982129,"SHATKIN, GAVIN",96.29629629629629,False
1334070,Amal Ahmed,1131243,"AHMED, AMAL",95.23809523809524,False
1334225,Geoffrey C Trussell,141448,"TRUSSELL, GEOFFREY C",97.43589743589743,True
1334230,Emanuele Viola,65788,"VIOLA, EMANUELE",96.55172413793103,False
1334597,Tommaso Melodia,1793665,"MELODIA, TOMMASO",96.7741935483871,False
1334620,Matthias Felleisen,141121,"FELLEISEN, MATTHIAS",97.29729729729729,True
1334666,Tommaso Melodia,1793665,"MELODIA, TOMMASO",96.7741935483871,False
1347147,Cristina Nita-Rotaru,1675635,"NITA-ROTARU, CRISTINA",97.5609756097561,False
1347251,Fabrizio Lombardi,141589,"LOMBARDI, FABRIZIO",97.14285714285714,False
1347958,Josep Jornet,1080747,"JORNET, JOSEP",96.0,False
1348357,Dimitrios Koutsonikolas,1579631,"KOUTSONIKOLAS, DIMITRIOS",97.87234042553192,False
1348892,Octavia Camps,926134,"CAMPS, OCTAVIA",96.29629629629629,False
1348892,Mario Sznaier,926130,"SZNAIER, MARIO",96.29629629629629,True
1348893,Tommaso Melodia,1793665,"MELODIA, TOMMASO",96.7741935483871,False
1348893,Matteo Rinaldi,1178430,"RINALDI, MATTEO",96.55172413793103,True
1348894,Aatmesh Shrivastava,1210245,"SHRIVASTAVA, AATMESH",97.43589743589743,False
1348894,Marvin Onabajo,1131868,"ONABAJO, MARVIN",96.55172413793103,True
1348905,Jonathan Bell,1026449,"BELL, JONATHAN",96.29629629629629,False
1349083,Lace Padilla,2897463,"PADILLA, LACE",96.0,False
1349350,Hessam Mahdavifar,2629597,"MAHDAVIFAR, HESSAM",97.14285714285714,False
1349659,Jing-Ke Weng,2206595,"WENG, JING-KE",96.0,False
1350587,Olga Vitek,1798183,"VITEK, OLGA",95.23809523809524,False
1350668,Edward Beighley,1906270,"BEIGHLEY, EDWARD EDWARD",96.7741935483871,True
1350673,Jeffrey W Ruberti,148920,"RUBERTI, JEFFREY W",97.14285714285714,True
1350673,Penny J Beuning,926928,"BEUNING, PENNY J",96.7741935483871,True
1350673,Meni Wanunu,1138114,"WANUNU, MENI",95.65217391304348,True
1350673,Ke Zhang,1986519,"ZHANG, KE",94.11764705882354,True
1350944,Dimitrios Koutsonikolas,1579631,"KOUTSONIKOLAS, DIMITRIOS",97.87234042553192,False
1351003,Sinan Muftu,141788,"MUFTU, SINAN",95.65217391304348,False
1351817,Hanumant Singh,1645994,"SINGH, HANUMANT",96.55172413793103,False
1351817,Tommaso Melodia,1793665,"MELODIA, TOMMASO",96.7741935483871,True
1361604,Yiannis Levendis,141149,"LEVENDIS, YIANNIS A",91.42857142857143,False
1361732,Jonathan Bell,1026449,"BELL, JONATHAN",96.29629629629629,False
1361823,Jennifer G Dy,141178,"DY, JENNIFER G",96.29629629629629,True
1361823,Sarah Ostadabbas,1670929,"OSTADABBAS, SARAH",96.96969696969697,True
1362303,Abraham Joy,2481830,"JOY, ABRAHAM",95.65217391304348,False
1366252,Pau Closas,1214210,"CLOSAS, PAU",95.23809523809524,False
1366495,Mario Sznaier,926130,"SZNAIER, MARIO",96.29629629629629,False
1366646,Deniz Erdogmus,60309,"ERDOGMUS, DENIZ",96.55172413793103,True
1366799,Dagmar Sternad,62737,"STERNAD, DAGMAR",96.55172413793103,False
1367098,Yingzi Lin,959197,"LIN, YINGZI",95.23809523809524,False
1367098,Sagar V Kamarthi,141459,"KAMARTHI, SAGAR V",96.96969696969697,True
1367355,Phil Brown,1988111,"BROWN, PHIL",95.23809523809524,False
1367645,Timothy Bickmore,959144,"BICKMORE, TIMOTHY W",91.42857142857143,False
1367672,Matthias Felleisen,141121,"FELLEISEN, MATTHIAS",97.29729729729729,False
1367724,Yanzhi Wang,1403996,"WANG, YANZHI",95.65217391304348,True
1367849,Cristina Nita-Rotaru,1675635,"NITA-ROTARU, CRISTINA",97.5609756097561,True
1367913,Philip Larese-Casanova,541064,"LARESE-CASANOVA, PHILIP",97.77777777777777,True
1367913,Loretta A Fernandez,184566,"FERNANDEZ, LORETTA ANA",92.6829268292683,True
1368241,Ozlem Ergun,1793351,"ERGUN, OZLEM",95.65217391304348,False
1368241,Haris N Koutsopoulos,141034,"KOUTSOPOULOS, HARIS N",97.5609756097561,True
1368241,Rashmi Dyal-Chand,141199,"DYAL-CHAND, RASHMI",97.14285714285714,True
1368740,Jonathan Ullman,1678790,"ULLMAN, JONATHAN",96.7741935483871,False
1368740,Abhi Shelat,1214954,"SHELAT, ABHI",95.65217391304348,True
1378540,Predrag Radivojac,1357914,"RADIVOJAC, PREDRAG",97.14285714285714,False
1367653,Sanjeev Mukerjee,141960,"MUKERJEE, SANJEEV",96.96969696969697,False
1368014,Yang Zhang,1057773,"ZHANG, YANG",95.23809523809524,False
1368265,Alexandru I Suciu,148344,"SUCIU, ALEXANDRU ION",91.89189189189189,True
1377851,Auroop R Ganguly,1130404,"GANGULY, AUROOP R",96.96969696969697,True
1377978,Xue Lin,1217516,"LIN, XUE",93.33333333333333,False
1377978,Miriam E Leeser,141667,"LEESER, MIRIAM E",96.7741935483871,True
1378146,Abraham Joy,2481830,"JOY, ABRAHAM",95.65217391304348,False
1378182,Aanjhan Ranganathan,1877998,"RANGANATHAN, AANJHAN",97.43589743589743,False
1378749,Yongmin Liu,1986081,"LIU, YONGMIN",95.65217391304348,False
1379121,Herbert Levine,1383874,"LEVINE, HERBERT",96.55172413793103,False
1379414,Hongli Zhu,1670305,"ZHU, HONGLI",95.23809523809524,False
1379968,Alain Karma,141414,"KARMA, ALAIN",95.65217391304348,False
1380047,Mingzhong Wu,2810099,"WU, MINGZHONG",96.0,False
1380156,Yanzhi Wang,1403996,"WANG, YANZHI",95.65217391304348,False
1380842,Pau Closas,1214210,"CLOSAS, PAU",95.23809523809524,False
1382277,Guohao Dai,1211879,"DAI, GUOHAO",95.23809523809524,False
1382343,Xuwen Zhu,1563606,"ZHU, XUWEN",94.73684210526315,False
1382748,Randall Hughes,1969119,"HUGHES, RANDALL RANDALL",96.55172413793103,False
1383148,Luca Caracoglia,197423,"CARACOGLIA, LUCA",96.7741935483871,False
1455798,Xiaoning Jin,1213070,"JIN, XIAONING",96.0,False
1455798,Hongli Zhu,1670305,"ZHU, HONGLI",95.23809523809524,True
1455882,Yunsi Fei,1130475,"FEI, YUNSI",94.73684210526315,False
1456089,Liza Weinstein,555333,"WEINSTEIN, LIZA",96.55172413793103,False
1456169,Hessam Mahdavifar,2629597,"MAHDAVIFAR, HESSAM",97.14285714285714,False
1456220,Hongwei Sun,1018793,"SUN, HONGWEI",95.65217391304348,False
1456762,Shahin Shahrampour,2951079,"SHAHRAMPOUR, SHAHIN",97.29729729729729,False
1456775,Sara Wadia-Fascetti,141701,"WADIA-FASCETTI, SARA J",92.6829268292683,False
1457029,Erel Levine,1387527,"LEVINE, EREL",95.65217391304348,False
1457092,Stratis Ioannidis,1671490,"IOANNIDIS, STRATIS",97.14285714285714,False
1457092,Jennifer G Dy,141178,"DY, JENNIFER G",96.29629629629629,True
1457092,Tommaso Melodia,1793665,"MELODIA, TOMMASO",96.7741935483871,True
1457092,Yanzhi Wang,1403996,"WANG, YANZHI",95.65217391304348,True
1457383,Xue Lin,1217516,"LIN, XUE",93.33333333333333,False
1457388,Tommaso Melodia,1793665,"MELODIA, TOMMASO",96.7741935483871,True
1457551,Yanzhi Wang,1403996,"WANG, YANZHI",95.65217391304348,False
1457625,Enrico Bertini,2969201,"BERTINI, ENRICO",96.55172413793103,False
1457691,Cristina Nita-Rotaru,1675635,"NITA-ROTARU, CRISTINA",97.5609756097561,False
1457745,Pran Nath,141760,"NATH, PRAN",94.73684210526315,False
1457745,Tomasz R Taylor,141152,"TAYLOR, TOMASZ R",96.7741935483871,True
1457950,Devesh Tiwari,1214212,"TIWARI, DEVESH",96.29629629629629,False
1458021,Yunsi Fei,1130475,"FEI, YUNSI",94.73684210526315,False
1458021,Xue Lin,1217516,"LIN, XUE",93.33333333333333,True
1458191,Leanne Chukoskie,2981296,"CHUKOSKIE, LEANNE",96.96969696969697,False
1458431,Hongli Zhu,1670305,"ZHU, HONGLI",95.23809523809524,False
1458647,Yanzhi Wang,1403996,"WANG, YANZHI",95.65217391304348,False
1458838,Cristian Cassella,1115922,"CASSELLA, CRISTIAN",97.14285714285714,False
1458838,Marvin Onabajo,1131868,"ONABAJO, MARVIN",96.55172413793103,True
1458838,Matteo Rinaldi,1178430,"RINALDI, MATTEO",96.55172413793103,True
1459471,Tommaso Melodia,1793665,"MELODIA, TOMMASO",96.7741935483871,False
1459471,Stefano Basagni,144655,"BASAGNI, STEFANO",96.7741935483871,True
1459565,Tommaso Melodia,1793665,"MELODIA, TOMMASO",96.7741935483871,False
1459795,Jonathan Bell,1026449,"BELL, JONATHAN",96.29629629629629,False
1459840,Deniz Erdogmus,60309,"ERDOGMUS, DENIZ",96.55172413793103,True
1459840,Taskin Padir,1672846,"PADIR, TASKIN",96.0,True
1459930,Alessandro Vespignani,1134982,"VESPIGNANI, ALESSANDRO",97.67441860465117,False
1460062,Rajmohan Rajaraman,141967,"RAJARAMAN, RAJMOHAN",97.29729729729729,False
1460220,Ozlem Ergun,1793351,"ERGUN, OZLEM",95.65217391304348,True
1460531,Yongmin Liu,1986081,"LIU, YONGMIN",95.65217391304348,False
1460772,Peter Desnoyers,681029,"DESNOYERS, PETER J",90.9090909090909,False
1460772,Miriam E Leeser,141667,"LEESER, MIRIAM E",96.7741935483871,True
1460944,Sarah Ostadabbas,1670929,"OSTADABBAS, SARAH",96.96969696969697,False
1460967,Peter Desnoyers,681029,"DESNOYERS, PETER J",90.9090909090909,False
1461087,Sarah Ostadabbas,1670929,"OSTADABBAS, SARAH",96.96969696969697,False
1461087,Alireza Ramezani,1405323,"RAMEZANI, ALIREZA",96.96969696969697,True
1461245,Olga Vitek,1798183,"VITEK, OLGA",95.23809523809524,True
1461256,Jonathan Ullman,1678790,"ULLMAN, JONATHAN",96.7741935483871,True
1461528,Mary Jo Ondrechen,141740,"ONDRECHEN, MARY JO",97.14285714285714,True
1461538,Mary Jo Ondrechen,141740,"ONDRECHEN, MARY JO",97.14285714285714,False
1461538,Deniz Erdogmus,60309,"ERDOGMUS, DENIZ",96.55172413793103,True
1461538,Penny J Beuning,926928,"BEUNING, PENNY J",96.7741935483871,True
1461623,Taskin Padir,1672846,"PADIR, TASKIN",96.0,False
1461911,Amal Ahmed,1131243,"AHMED, AMAL",95.23809523809524,False
1461943,Sagar Kamarthi,141459,"KAMARTHI, SAGAR V",90.3225806451613,False
1461943,Xiaoning Jin,1213070,"JIN, XIAONING",96.0,True
1462007,Hai-Ping Cheng,2878915,"CHENG, HAI-PING",96.55172413793103,True
1462050,Zhenghan Qi,1061729,"QI, ZHENGHAN",95.65217391304348,True
1462056,Casper Harteveld,1982335,"HARTEVELD, CASPER",96.96969696969697,False
1462068,Steven Vollmer,622355,"VOLLMER, STEVEN V",90.3225806451613,False
1462322,Taskin Padir,1672846,"PADIR, TASKIN",96.0,False
1462322,KRISTIAN KLOECKL,1746114,"KLOECKL, KRISTIAN",96.96969696969697,True
1462432,Frank Tip,1216040,"TIP, FRANK",94.73684210526315,False
1481312,Yingzi Lin,959197,"LIN, YINGZI",95.23809523809524,False
1481372,Sergey Kravchenko,124859,"KRAVCHENKO, SERGEY",97.14285714285714,False
1460949,Sze Zheng Yong,2707875,"YONG, SZE ZHENG",96.55172413793103,True
1461342,Sze Zheng Yong,2707875,"YONG, SZE ZHENG",96.55172413793103,False
1461440,Amy S Farrell,141771,"FARRELL, AMY S",96.29629629629629,True
1461440,Shawn Bhimani,1300622,"BHIMANI, SHAWN",96.29629629629629,True
1481355,Sara Wadia-Fascetti,141701,"WADIA-FASCETTI, SARA J",92.6829268292683,False
1481543,Pau Closas,1214210,"CLOSAS, PAU",95.23809523809524,False
1487385,Peter Desnoyers,681029,"DESNOYERS, PETER J",90.9090909090909,False
1487385,Gene Cooperman,141650,"COOPERMAN, GENE D",90.3225806451613,True
1487598,Laura Senier,842550,"SENIER, LAURA",96.0,False
1487598,Martha F Davis,141774,"DAVIS, MARTHA F",96.55172413793103,True
1488121,Stratis Ioannidis,1671490,"IOANNIDIS, STRATIS",97.14285714285714,False
1488410,Yanzhi Wang,1403996,"WANG, YANZHI",95.65217391304348,True
1488410,Jerome F Hajjar,579392,"HAJJAR, JEROME F",96.7741935483871,True
1488575,Devesh Tiwari,1214212,"TIWARI, DEVESH",96.29629629629629,False
1488575,Xiaolin Xu,1520089,"XU, XIAOLIN",95.23809523809524,True
1489040,Yang Zhang,1057773,"ZHANG, YANG",95.23809523809524,False
1493933,Psyche Loui,1408156,"LOUI, PSYCHE",95.65217391304348,False
1494304,Xiaoning Jin,1213070,"JIN, XIAONING",96.0,False
1494695,Alessandro Vespignani,1134982,"VESPIGNANI, ALESSANDRO",97.67441860465117,True
1494695,Briony Swire-Thompson,1845892,"SWIRE-THOMPSON, BRIONY",97.67441860465117,True
1495149,Mary Jo Ondrechen,141740,"ONDRECHEN, MARY JO",97.14285714285714,False
1495149,Penny J Beuning,926928,"BEUNING, PENNY J",96.7741935483871,True
1495303,David R Kaeli,148296,"KAELI, DAVID R",96.29629629629629,True
1495303,Stacy Marsella,1759074,"MARSELLA, STACY C",90.3225806451613,True
1495303,Casper Harteveld,1982335,"HARTEVELD, CASPER",96.96969696969697,True
1495303,Ozlem Ergun,1793351,"ERGUN, OZLEM",95.65217391304348,True
1495334,Taskin Padir,1672846,"PADIR, TASKIN",96.0,True
1532593,Deniz Erdogmus,60309,"ERDOGMUS, DENIZ",96.55172413793103,True
1532593,Lisa Feldman Barrett,526595,"BARRETT, LISA FELDMAN",97.5609756097561,True
1532667,Yanzhi Wang,1403996,"WANG, YANZHI",95.65217391304348,True
1532667,Xue Lin,1217516,"LIN, XUE",93.33333333333333,True
1532667,Devesh Tiwari,1214212,"TIWARI, DEVESH",96.29629629629629,True
1532850,Mirek Riedewald,62652,"RIEDEWALD, MIREK",96.7741935483871,True
1532850,Wolfgang Gatterbauer,1872002,"GATTERBAUER, WOLFGANG",97.5609756097561,True
1533195,John Coley,141896,"COLEY, JOHN",95.23809523809524,False
1533216,Ke Zhang,1986519,"ZHANG, KE",94.11764705882354,False
1533388,Matteo Rinaldi,1178430,"RINALDI, MATTEO",96.55172413793103,False
1533427,Mahdi Imani,2989090,"IMANI, MAHDI",95.65217391304348,False
1533555,Sarah Ostadabbas,1670929,"OSTADABBAS, SARAH",96.96969696969697,False
1534100,Josep Jornet,1080747,"JORNET, JOSEP",96.0,False
1534280,James R Monaghan,1982126,"MONAGHAN, JAMES",90.3225806451613,True
1534784,Geoffrey Trussell,141448,"TRUSSELL, GEOFFREY C",91.89189189189189,False
1534974,Matthias Felleisen,141121,"FELLEISEN, MATTHIAS",97.29729729729729,False
1535090,Stacy Marsella,1759074,"MARSELLA, STACY C",90.3225806451613,True
1535623,Moira Zellner,1526463,"ZELLNER, MOIRA",96.29629629629629,True
1535718,Seth Hutchinson,2481837,"HUTCHINSON, SETH",96.7741935483871,False
1535718,Seth Hutchinson,2481837,"HUTCHINSON, SETH",96.7741935483871,True
1535862,Fabrizio Lombardi,141589,"LOMBARDI, FABRIZIO",97.14285714285714,False
1535949,Arjun Guha,66183,"GUHA, ARJUN",95.23809523809524,False
1536121,Aatmesh Shrivastava,1210245,"SHRIVASTAVA, AATMESH",97.43589743589743,True
1536485,Arjun Guha,66183,"GUHA, ARJUN",95.23809523809524,False
1536702,Jeffrey Ruberti,148920,"RUBERTI, JEFFREY W",90.9090909090909,False
1536756,Arjun Guha,66183,"GUHA, ARJUN",95.23809523809524,False
1536837,Taskin Padir,1672846,"PADIR, TASKIN",96.0,True
1536919,Mario Sznaier,926130,"SZNAIER, MARIO",96.29629629629629,False
1536974,Geoffrey Trussell,141448,"TRUSSELL, GEOFFREY C",91.89189189189189,False
1537001,Ningfang Mi,555162,"MI, NINGFANG",95.65217391304348,False
1537020,Yanzhi Wang,1403996,"WANG, YANZHI",95.65217391304348,False
1537157,Hai-Ping Cheng,2878915,"CHENG, HAI-PING",96.55172413793103,False
1537216,Hai-Ping Cheng,2878915,"CHENG, HAI-PING",96.55172413793103,False
1537353,Edmund Yeh,1134983,"YEH, EDMUND",95.23809523809524,False
1537497,Jeffrey Lipton,1357842,"LIPTON, JEFFREY",96.55172413793103,True
1537541,Darien Wood,141790,"WOOD, DARIEN",95.65217391304348,False
1537541,Emanuela Barberis,141968,"BARBERIS, EMANUELA",97.14285714285714,True
1537843,Nian Sun,140848,"SUN, NIAN",94.11764705882354,False
1537901,Tommaso Melodia,1793665,"MELODIA, TOMMASO",96.7741935483871,True
1537930,Ziming Zhao,2087916,"ZHAO, ZIMING",95.65217391304348,False
1538363,Safa Jamali,1870634,"JAMALI, SAFA",95.65217391304348,False
1538387,John Coley,141896,"COLEY, JOHN",95.23809523809524,False
1538609,Mary Jo Ondrechen,141740,"ONDRECHEN, MARY JO",97.14285714285714,False
1538609,Mona S Minkara,1080749,"MINKARA, MONA S",96.55172413793103,True
1538650,Luca Caracoglia,197423,"CARACOGLIA, LUCA",96.7741935483871,False
1539262,Stacy Marsella,1759074,"MARSELLA, STACY C",90.3225806451613,True
1539270,Tommaso Melodia,1793665,"MELODIA, TOMMASO",96.7741935483871,False
1539270,Stefano Basagni,144655,"BASAGNI, STEFANO",96.7741935483871,True
1539408,Enrico Bertini,2969201,"BERTINI, ENRICO",96.55172413793103,False
1539870,Xiaolin Xu,1520089,"XU, XIAOLIN",95.23809523809524,False
1539984,Jonathan Bell,1026449,"BELL, JONATHAN",96.29629629629629,False
1540033,Jonathan Bell,1026449,"BELL, JONATHAN",96.29629629629629,False
1540085,Ozlem Ergun,1793351,"ERGUN, OZLEM",95.65217391304348,False
1540143,Darla Castelli,2859820,"CASTELLI, DARLA M",90.3225806451613,True
1540349,Xuwen Zhu,1563606,"ZHU, XUWEN",94.73684210526315,False
1540502,Arjun Guha,66183,"GUHA, ARJUN",95.23809523809524,False
1540573,Kevin Fu,1538316,"FU, KEVIN",94.11764705882354,False
1540713,Jeffrey Lipton,1357842,"LIPTON, JEFFREY",96.55172413793103,True
1540747,Nikos Passas,141413,"PASSAS, NIKOS",96.0,False
1540747,Ravi Sundaram,144197,"SUNDARAM, RAVI",96.29629629629629,True
1540780,Jonathan Bell,1026449,"BELL, JONATHAN",96.29629629629629,False
1540929,Matteo Rinaldi,1178430,"RINALDI, MATTEO",96.55172413793103,False
1542897,Mingzhong Wu,2810099,"WU, MINGZHONG",96.0,False
1543045,Rebecca L Carrier,148071,"CARRIER, REBECCA LYN",91.89189189189189,True
1543474,Arjun Guha,66183,"GUHA, ARJUN",95.23809523809524,False
1539590,Shahin Shahrampour,2951079,"SHAHRAMPOUR, SHAHIN",97.29729729729729,True
1542973,Nian Sun,140848,"SUN, NIAN",94.11764705882354,False
1543130,Erin J Cram,933472,"CRAM, ERIN J",95.65217391304348,True
1543196,Josep Jornet,1080747,"JORNET, JOSEP",96.0,False
1543196,Matteo Rinaldi,1178430,"RINALDI, MATTEO",96.55172413793103,True
1544284,Cristian Cassella,1115922,"CASSELLA, CRISTIAN",97.14285714285714,False
1544529,Mahshid Amirabadi,1675420,"AMIRABADI, MAHSHID",97.14285714285714,False
1554148,Daniel Wichs,1967426,"WICHS, DANIEL",96.0,False
1568154,Dagmar Sternad,62737,"STERNAD, DAGMAR",96.55172413793103,False
1568537,Geoffrey Trussell,141448,"TRUSSELL, GEOFFREY C",91.89189189189189,False
1568537,Randall Hughes,1969119,"HUGHES, RANDALL RANDALL",96.55172413793103,True
1568794,Fabrizio Lombardi,141589,"LOMBARDI, FABRIZIO",97.14285714285714,False
1572529,Lawson Wong,1359757,"WONG, LAWSON LAWSON",95.65217391304348,False
1572823,Sanjeev Mukerjee,141960,"MUKERJEE, SANJEEV",96.96969696969697,False
1573155,Emanuele Viola,65788,"VIOLA, EMANUELE",96.55172413793103,False
1573227,Sara Lopez-Pintado,1358789,"LOPEZ-PINTADO, SARA",97.29729729729729,False
1573339,Matthias Felleisen,141121,"FELLEISEN, MATTHIAS",97.29729729729729,False
1573381,Tommaso Melodia,1793665,"MELODIA, TOMMASO",96.7741935483871,False
1573433,Hongwei Sun,1018793,"SUN, HONGWEI",95.65217391304348,False
1573593,Shahin Shahrampour,2951079,"SHAHRAMPOUR, SHAHIN",97.29729729729729,False
1577998,Paolo Ciuccarelli,1055547,"CIUCCARELLI, PAOLO",97.14285714285714,True
1578057,Stratis Ioannidis,1671490,"IOANNIDIS, STRATIS",97.14285714285714,False
1578906,Safa Jamali,1870634,"JAMALI, SAFA",95.65217391304348,False
1579902,Stacy Marsella,1759074,"MARSELLA, STACY C",90.3225806451613,True
1579918,Mingyang Lu,1524112,"LU, MINGYANG",95.65217391304348,False
1579918,Herbert Levine,1383874,"LEVINE, HERBERT",96.55172413793103,True
1579925,Ehsan Elhamifar,1672390,"ELHAMIFAR, EHSAN",96.7741935483871,False
1580079,Milad Siami,1086824,"SIAMI, MILAD",95.65217391304348,False
1580124,Francesco Restuccia,1881856,"RESTUCCIA, FRANCESCO",97.43589743589743,False
1580170,Deniz Erdogmus,60309,"ERDOGMUS, DENIZ",96.55172413793103,True
1580210,Ali Abur,951814,"ABUR, ALI",94.11764705882354,False
1580634,Casper Harteveld,1982335,"HARTEVELD, CASPER",96.96969696969697,False
1580915,Tarik Gouhier,1986665,"GOUHIER, TARIK",96.29629629629629,False
1580915,Brian Helmuth,197469,"HELMUTH, BRIAN",96.29629629629629,True
1580983,Safa Jamali,1870634,"JAMALI, SAFA",95.65217391304348,False
1581198,Jonathan Ullman,1678790,"ULLMAN, JONATHAN",96.7741935483871,False
1581213,Carla Mattos,1135712,"MATTOS, CARLA",96.0,False
1581246,Michael B Silevitch,144147,"SILEVITCH, MICHAEL B",97.43589743589743,True
1581246,Richard Harris,147299,"HARRIS, RICHARD",96.55172413793103,True
1581344,Cristian Cassella,1115922,"CASSELLA, CRISTIAN",97.14285714285714,False
1581482,Amy Mueller,1670302,"MUELLER, AMY",95.65217391304348,True
1581482,Yanzhi Wang,1403996,"WANG, YANZHI",95.65217391304348,True
1581585,Aatmesh Shrivastava,1210245,"SHRIVASTAVA, AATMESH",97.43589743589743,False
1581753,Phil Brown,1988111,"BROWN, PHIL",95.23809523809524,False
1581801,Dimitrios Koutsonikolas,1579631,"KOUTSONIKOLAS, DIMITRIOS",97.87234042553192,False
1581906,Lace Padilla,2897463,"PADILLA, LACE",96.0,False
1582578,Engin Kirda,500658,"KIRDA, ENGIN",95.65217391304348,False
1583127,Tommaso Melodia,1793665,"MELODIA, TOMMASO",96.7741935483871,True
1583127,Francesco Restuccia,1881856,"RESTUCCIA, FRANCESCO",97.43589743589743,True
1583564,Devesh Tiwari,1214212,"TIWARI, DEVESH",96.29629629629629,False
1583846,Yongmin Liu,1986081,"LIU, YONGMIN",95.65217391304348,False
1594557,Dimitrios Koutsonikolas,1579631,"KOUTSONIKOLAS, DIMITRIOS",97.87234042553192,False
1594557,Stefano Basagni,144655,"BASAGNI, STEFANO",96.7741935483871,True
1594557,Tommaso Melodia,1793665,"MELODIA, TOMMASO",96.7741935483871,True
1608193,Mehrdad Sasani,141904,"SASANI, MEHRDAD",96.55172413793103,False
1608414,Dagmar Sternad,62737,"STERNAD, DAGMAR",96.55172413793103,False
1608501,Herbert Levine,1383874,"LEVINE, HERBERT",96.55172413793103,False
1608857,Leanne Chukoskie,2981296,"CHUKOSKIE, LEANNE",96.96969696969697,False
1608910,Mahdi Imani,2989090,"IMANI, MAHDI",95.65217391304348,False
1582628,Tina Eliassi-Rad,1672995,"ELIASSI-RAD, TINA",96.96969696969697,True
1609019,Casper Harteveld,1982335,"HARTEVELD, CASPER",96.96969696969697,False
1620894,Sara Wadia-Fascetti,141701,"WADIA-FASCETTI, SARA J",92.6829268292683,False
1621137,Meni Wanunu,1138114,"WANUNU, MENI",95.65217391304348,True
1621144,Ruobing Bai,1526409,"BAI, RUOBING",95.65217391304348,False
1621351,Devesh Tiwari,1214212,"TIWARI, DEVESH",96.29629629629629,False
1621469,Sarah Ostadabbas,1670929,"OSTADABBAS, SARAH",96.96969696969697,False
1624158,Yi Zheng,1088857,"ZHENG, YI",94.11764705882354,False
1625069,Yaning Li,1064186,"LI, YANING",94.73684210526315,False
1627508,Aatmesh Shrivastava,1210245,"SHRIVASTAVA, AATMESH",97.43589743589743,False
1629796,Marvin Onabajo,1131868,"ONABAJO, MARVIN",96.55172413793103,False
1629796,Yunsi Fei,1130475,"FEI, YUNSI",94.73684210526315,True
1629796,Aatmesh Shrivastava,1210245,"SHRIVASTAVA, AATMESH",97.43589743589743,True
1629796,Francesco Restuccia,1881856,"RESTUCCIA, FRANCESCO",97.43589743589743,True
1629834,Ibrahim Zeid,148841,"ZEID, IBRAHIM",96.0,False
1629989,Gordana Todorov,144852,"TODOROV, GORDANA G",90.9090909090909,False
1630018,Milad Siami,1086824,"SIAMI, MILAD",95.65217391304348,False
1630018,Mario Sznaier,926130,"SZNAIER, MARIO",96.29629629629629,True
1630310,Yongmin Liu,1986081,"LIU, YONGMIN",95.65217391304348,False
1633086,Mary Jo Ondrechen,141740,"ONDRECHEN, MARY JO",97.14285714285714,False
1633086,Penny J Beuning,926928,"BEUNING, PENNY J",96.7741935483871,True
1633209,Olin Shivers,933475,"SHIVERS, OLIN",96.0,False
1633451,Alireza Ramezani,1405323,"RAMEZANI, ALIREZA",96.96969696969697,False
1636663,Moira Zellner,1526463,"ZELLNER, MOIRA",96.29629629629629,False
1636772,Xiaolin Xu,1520089,"XU, XIAOLIN",95.23809523809524,False
1636864,Yunsi Fei,1130475,"FEI, YUNSI",94.73684210526315,False
1636864,Aidong A Ding,148294,"DING, AIDONG A",96.29629629629629,True
1637086,Albert-Laszlo Barabasi,404727,"BARABASI, ALBERT-LASZLO",97.77777777777777,False
1637371,Amal Ahmed,1131243,"AHMED, AMAL",95.23809523809524,True
1637459,Cristina Nita-Rotaru,1675635,"NITA-ROTARU, CRISTINA",97.5609756097561,True
1637521,Edward Beighley,1906270,"BEIGHLEY, EDWARD EDWARD",96.7741935483871,True
1637706,Francesco Restuccia,1881856,"RESTUCCIA, FRANCESCO",97.43589743589743,False
1637706,Marvin Onabajo,1131868,"ONABAJO, MARVIN",96.55172413793103,True
1637734,Engin Kirda,500658,"KIRDA, ENGIN",95.65217391304348,False
1637982,Aanjhan Ranganathan,1877998,"RANGANATHAN, AANJHAN",97.43589743589743,False
1642067,Randall Hughes,1969119,"HUGHES, RANDALL RANDALL",96.55172413793103,True
1642201,Pran Nath,141760,"NATH, PRAN",94.73684210526315,False
1642201,Tomasz R Taylor,141152,"TAYLOR, TOMASZ R",96.7741935483871,True
1642201,James Halverson,1671743,"HALVERSON, JAMES",96.7741935483871,True
1642212,Fabian Ruehle,2983859,"RUEHLE, FABIAN",96.29629629629629,False
1642796,Tommaso Melodia,1793665,"MELODIA, TOMMASO",96.7741935483871,False
1642796,Pedram Johari,1770048,"JOHARI, PEDRAM",96.29629629629629,True
1643783,Enrico Bertini,2969201,"BERTINI, ENRICO",96.55172413793103,False
1643809,Sara Wadia-Fascetti,141701,"WADIA-FASCETTI, SARA J",92.6829268292683,False
1643809,Randall Hughes,1969119,"HUGHES, RANDALL RANDALL",96.55172413793103,True
1643809,Richard Harris,147299,"HARRIS, RICHARD",96.55172413793103,True
1644480,Daniel P Aldrich,1671055,"ALDRICH, DANIEL",90.3225806451613,True
1644510,Jeffrey Lipton,1357842,"LIPTON, JEFFREY",96.55172413793103,True
1644630,David R Kaeli,148296,"KAELI, DAVID R",96.29629629629629,True
1644630,Stacy Marsella,1759074,"MARSELLA, STACY C",90.3225806451613,True
1644630,Casper Harteveld,1982335,"HARTEVELD, CASPER",96.96969696969697,True
1644630,Ozlem Ergun,1793351,"ERGUN, OZLEM",95.65217391304348,True
1644938,Aatmesh Shrivastava,1210245,"SHRIVASTAVA, AATMESH",97.43589743589743,False
1644941,Josep Jornet,1080747,"JORNET, JOSEP",96.0,False
1644941,Michele Polese,1088340,"POLESE, MICHELE",96.55172413793103,True
1644976,Ziming Zhao,2087916,"ZHAO, ZIMING",95.65217391304348,True
1644979,Moira Zellner,1526463,"ZELLNER, MOIRA",96.29629629629629,True
1644979,Amy Mueller,1670302,"MUELLER, AMY",95.65217391304348,True
1644979,Michelle M Laboy,94848,"LABOY, MICHELLE",90.3225806451613,True
1650472,Matteo Rinaldi,1178430,"RINALDI, MATTEO",96.55172413793103,False
1650598,Nikos Passas,141413,"PASSAS, NIKOS",96.0,False
1650598,Ravi Sundaram,144197,"SUNDARAM, RAVI",96.29629629629629,True
1650893,Stefano Basagni,144655,"BASAGNI, STEFANO",96.7741935483871,True
1650893,Tommaso Melodia,1793665,"MELODIA, TOMMASO",96.7741935483871,True
1660073,Enrico Bertini,2969201,"BERTINI, ENRICO",96.55172413793103,False
1668942,Sze Zheng Yong,2707875,"YONG, SZE ZHENG",96.55172413793103,False
1636577,Ronald Sandler,141173,"SANDLER, RONALD L",90.3225806451613,False
1636577,Chad Lee-Stronach,1511309,"LEE-STRONACH, CHAD",97.14285714285714,True
1650521,Francesco Restuccia,1881856,"RESTUCCIA, FRANCESCO",97.43589743589743,False
1650760,Marvin Onabajo,1131868,"ONABAJO, MARVIN",96.55172413793103,False
1650760,Miriam E Leeser,141667,"LEESER, MIRIAM E",96.7741935483871,True
1650760,Cristian Cassella,1115922,"CASSELLA, CRISTIAN",97.14285714285714,True
1667684,Dori C Woods,1757492,"WOODS, DORI C",96.0,True
1667694,Ahmed A Busnaina,141501,"BUSNAINA, AHMED",90.3225806451613,True
1668356,Jeffrey Lipton,1357842,"LIPTON, JEFFREY",96.55172413793103,False
1668593,Nian Sun,140848,"SUN, NIAN",94.11764705882354,False
1668813,Gordana Todorov,144852,"TODOROV, GORDANA G",90.9090909090909,False
1668847,Ziming Zhao,2087916,"ZHAO, ZIMING",95.65217391304348,False
1668946,Xiaolin Xu,1520089,"XU, XIAOLIN",95.23809523809524,False
1669011,Malihe Alikhani,1615832,"ALIKHANI, MALIHE",96.7741935483871,False
1669263,Cheng Tan,1518334,"TAN, CHENG",94.73684210526315,False
1669317,Lace Padilla,2897463,"PADILLA, LACE",96.0,False
1674239,Xiaoyu Tang,1535527,"TANG, XIAOYU",95.65217391304348,False
1674268,Jonathan Ullman,1678790,"ULLMAN, JONATHAN",96.7741935483871,False
1674344,Psyche Loui,1408156,"LOUI, PSYCHE",95.65217391304348,False
1675161,Hessam Mahdavifar,2629597,"MAHDAVIFAR, HESSAM",97.14285714285714,False
1675788,Geoffrey C Trussell,141448,"TRUSSELL, GEOFFREY C",97.43589743589743,True
1675788,Tarik Gouhier,1986665,"GOUHIER, TARIK",96.29629629629629,True
1688179,Shahin Shahrampour,2951079,"SHAHRAMPOUR, SHAHIN",97.29729729729729,False
1688273,Casper Harteveld,1982335,"HARTEVELD, CASPER",96.96969696969697,True
1688314,Ozlem Ergun,1793351,"ERGUN, OZLEM",95.65217391304348,False
1688314,David R Kaeli,148296,"KAELI, DAVID R",96.29629629629629,True
1688349,Xiaolin Xu,1520089,"XU, XIAOLIN",95.23809523809524,False
1688592,Karen S Quigley,1153082,"QUIGLEY, KAREN SUE",90.9090909090909,True
1688736,Herbert Levine,1383874,"LEVINE, HERBERT",96.55172413793103,False
1688798,Sijia Dong,1566587,"DONG, SIJIA",95.23809523809524,False
1688801,Xuwen Zhu,1563606,"ZHU, XUWEN",94.73684210526315,False
1689083,Jonathan Ullman,1678790,"ULLMAN, JONATHAN",96.7741935483871,True
1689796,Yiannis Levendis,141149,"LEVENDIS, YIANNIS A",91.42857142857143,False
1689796,Mohamad Metghalchi,141505,"METGHALCHI, MOHAMAD",97.29729729729729,True
1689932,Huaizu Jiang,1517333,"JIANG, HUAIZU",96.0,False
1689932,Xue Lin,1217516,"LIN, XUE",93.33333333333333,True
1690039,Frank Tip,1216040,"TIP, FRANK",94.73684210526315,False
1690151,Francesco Restuccia,1881856,"RESTUCCIA, FRANCESCO",97.43589743589743,False
1690151,Tommaso Melodia,1793665,"MELODIA, TOMMASO",96.7741935483871,True
1690195,Taskin Padir,1672846,"PADIR, TASKIN",96.0,False
1690195,Leanne Chukoskie,2981296,"CHUKOSKIE, LEANNE",96.96969696969697,True
1690646,Francesco Restuccia,1881856,"RESTUCCIA, FRANCESCO",97.43589743589743,False
1690890,Xiaolin Xu,1520089,"XU, XIAOLIN",95.23809523809524,False
1690947,Frank Tip,1216040,"TIP, FRANK",94.73684210526315,False
1690947,Engin Kirda,500658,"KIRDA, ENGIN",95.65217391304348,True
1690956,Amy Mueller,1670302,"MUELLER, AMY",95.65217391304348,False
1690956,Philip Larese-Casanova,541064,"LARESE-CASANOVA, PHILIP",97.77777777777777,True
1690974,Matthias Felleisen,141121,"FELLEISEN, MATTHIAS",97.29729729729729,False
1691352,Xiaolin Xu,1520089,"XU, XIAOLIN",95.23809523809524,False
1691352,Miriam E Leeser,141667,"LEESER, MIRIAM E",96.7741935483871,True
1691398,Arjun Guha,66183,"GUHA, ARJUN",95.23809523809524,False
1691713,Ravinder Dahiya,2677831,"DAHIYA, RAVINDER",96.7741935483871,False
1691761,Pau Closas,1214210,"CLOSAS, PAU",95.23809523809524,False
1692162,Josep Jornet,1080747,"JORNET, JOSEP",96.0,False
1692341,Yanzhi Wang,1403996,"WANG, YANZHI",95.65217391304348,False
1692385,Ada Lerner,2633081,"LERNER, ADA",95.23809523809524,False
1692484,Ada Lerner,2633081,"LERNER, ADA",95.23809523809524,False
1692613,Xiaolin Xu,1520089,"XU, XIAOLIN",95.23809523809524,False
1701846,Megan Hofmann,2650241,"HOFMANN, MEGAN",96.29629629629629,False
1702501,Qimin Yan,1066571,"YAN, QIMIN",94.73684210526315,False
1702530,Sarah Ostadabbas,1670929,"OSTADABBAS, SARAH",96.96969696969697,False
1702547,Francesco Restuccia,1881856,"RESTUCCIA, FRANCESCO",97.43589743589743,False
1702999,Darien Wood,141790,"WOOD, DARIEN",95.65217391304348,False
1702999,Emanuela Barberis,141968,"BARBERIS, EMANUELA",97.14285714285714,True
1703063,Tina Eliassi-Rad,1672995,"ELIASSI-RAD, TINA",96.96969696969697,True
1703744,Aatmesh Shrivastava,1210245,"SHRIVASTAVA, AATMESH",97.43589743589743,False
1703744,Aatmesh Shrivastava,1210245,"SHRIVASTAVA, AATMESH",97.43589743589743,True
1703800,Hongwei Sun,1018793,"SUN, HONGWEI",95.65217391304348,True
1703857,Mahdi Imani,2989090,"IMANI, MAHDI",95.65217391304348,False
1703901,Seth Hutchinson,2481837,"HUTCHINSON, SETH",96.7741935483871,True
1706312,Sarah Ostadabbas,1670929,"OSTADABBAS, SARAH",96.96969696969697,True
1709891,Mingzhong Wu,2810099,"WU, MINGZHONG",96.0,False
1722825,Malihe Alikhani,1615832,"ALIKHANI, MALIHE",96.7741935483871,False
1689567,James R Monaghan,1982126,"MONAGHAN, JAMES",90.3225806451613,True
1692208,Josep Jornet,1080747,"JORNET, JOSEP",96.0,False
1692208,Tommaso Melodia,1793665,"MELODIA, TOMMASO",96.7741935483871,True
1692208,Michele Polese,1088340,"POLESE, MICHELE",96.55172413793103,True
1709714,Peter Desnoyers,681029,"DESNOYERS, PETER J",90.9090909090909,False
1709867,Ali Abur,951814,"ABUR, ALI",94.11764705882354,False
1710677,Jonathan Bell,1026449,"BELL, JONATHAN",96.29629629629629,False
1710681,Rajmohan Rajaraman,141967,"RAJARAMAN, RAJMOHAN",97.29729729729729,False
1710790,Lili Su,1158868,"SU, LILI",93.33333333333333,False
1722940,Hai-Ping Cheng,2878915,"CHENG, HAI-PING",96.55172413793103,False
1722957,Mingzhong Wu,2810099,"WU, MINGZHONG",96.0,False
1722984,Yongmin Liu,1986081,"LIU, YONGMIN",95.65217391304348,False
1723086,Cristian Cassella,1115922,"CASSELLA, CRISTIAN",97.14285714285714,False
1723086,Xufeng Zhang,2960200,"ZHANG, XUFENG",96.0,True
1723086,Luca Colombo,1045636,"COLOMBO, LUCA",96.0,True
1723310,David Bau,2963682,"BAU, DAVID",94.73684210526315,False
1723310,Arjun Guha,66183,"GUHA, ARJUN",95.23809523809524,True
1723310,Jonathan Bell,1026449,"BELL, JONATHAN",96.29629629629629,True
1723358,David R Kaeli,148296,"KAELI, DAVID R",96.29629629629629,True
1723358,Guevara Noubir,148184,"NOUBIR, GUEVARA",96.55172413793103,True
1723388,Allison Dennis,2666885,"DENNIS, ALLISON",96.55172413793103,False
1723541,Hai-Ping Cheng,2878915,"CHENG, HAI-PING",96.55172413793103,False
1723747,Hai-Ping Cheng,2878915,"CHENG, HAI-PING",96.55172413793103,False
1723938,Megan Hofmann,2650241,"HOFMANN, MEGAN",96.29629629629629,False
1724270,Yongmin Liu,1986081,"LIU, YONGMIN",95.65217391304348,False
1724270,Sunil Mittal,2987815,"MITTAL, SUNIL",96.0,True
1724425,Yaning Li,1064186,"LI, YANING",94.73684210526315,False
1724767,Rahul Bhargava,1525151,"BHARGAVA, RAHUL",96.55172413793103,False
1724893,Daniel Wichs,1967426,"WICHS, DANIEL",96.0,False
1724906,Ningfang Mi,555162,"MI, NINGFANG",95.65217391304348,False
1724983,Yanzhi Wang,1403996,"WANG, YANZHI",95.65217391304348,True
1725072,John Coley,141896,"COLEY, JOHN",95.23809523809524,False
1725072,Brian Helmuth,197469,"HELMUTH, BRIAN",96.29629629629629,True
1725189,Taskin Padir,1672846,"PADIR, TASKIN",96.0,False
1725192,David Horsley,2836949,"HORSLEY, DAVID",96.29629629629629,False
1725844,Moneesh Upmanyu,65819,"UPMANYU, MONEESH",96.7741935483871,False
1725863,Michael Correll,2895431,"CORRELL, MICHAEL",96.7741935483871,False
1725863,Enrico Bertini,2969201,"BERTINI, ENRICO",96.55172413793103,True
1725982,Hai-Ping Cheng,2878915,"CHENG, HAI-PING",96.55172413793103,False
1727393,Xufeng Zhang,2960200,"ZHANG, XUFENG",96.0,False
1727537,Qing Zhao,2955450,"ZHAO, QING",94.73684210526315,False
1727798,Emanuela Barberis,141968,"BARBERIS, EMANUELA",97.14285714285714,False
1727836,Josep Jornet,1080747,"JORNET, JOSEP",96.0,False
1727836,Andrew Gouldstone,358255,"GOULDSTONE, ANDREW",97.14285714285714,True
1727836,Tommaso Melodia,1793665,"MELODIA, TOMMASO",96.7741935483871,True
1727956,Tianshi Li,2459910,"LI, TIANSHI",95.23809523809524,False
1727983,Edmund Yeh,1134983,"YEH, EDMUND",95.23809523809524,False
1727983,Dimitrios Koutsonikolas,1579631,"KOUTSONIKOLAS, DIMITRIOS",97.87234042553192,True
1728332,Siddhartha Ghosh,1560931,"GHOSH, SIDDHARTHA",96.96969696969697,False
1728361,Alireza Ramezani,1405323,"RAMEZANI, ALIREZA",96.96969696969697,False
1760183,Ibrahim Zeid,148841,"ZEID, IBRAHIM",96.0,False
1760226,Casper Harteveld,1982335,"HARTEVELD, CASPER",96.96969696969697,False
1760226,Eileen McGivney,2842266,"MCGIVNEY, EILEEN",96.7741935483871,True
1760575,Malihe Alikhani,1615832,"ALIKHANI, MALIHE",96.7741935483871,False
1761075,Celia Pearce,1799507,"PEARCE, CELIA",96.0,True
1761075,Leanne Chukoskie,2981296,"CHUKOSKIE, LEANNE",96.96969696969697,True
1761075,Casper Harteveld,1982335,"HARTEVELD, CASPER",96.96969696969697,True
1761075,Miso Kim,1212667,"KIM, MISO",94.11764705882354,True
1761524,Zhenyu Tian,2988629,"TIAN, ZHENYU",95.65217391304348,False
1761726,Marco Colangelo,2489104,"COLANGELO, MARCO",96.7741935483871,False
1761726,Matteo Rinaldi,1178430,"RINALDI, MATTEO",96.55172413793103,True
1761779,Leanne Chukoskie,2981296,"CHUKOSKIE, LEANNE",96.96969696969697,False
1761852,Sara Wadia-Fascetti,141701,"WADIA-FASCETTI, SARA J",92.6829268292683,False
1761888,Chenyan Jia,2627203,"JIA, CHENYAN",95.65217391304348,False
1762177,Aravind Nagulu,2471469,"NAGULU, ARAVIND",96.55172413793103,False
1762522,David Horsley,2836949,"HORSLEY, DAVID",96.29629629629629,False
1762727,David Bau,2963682,"BAU, DAVID",94.73684210526315,False
1762791,Luca Caracoglia,197423,"CARACOGLIA, LUCA",96.7741935483871,False
1762973,Mingzhong Wu,2810099,"WU, MINGZHONG",96.0,False
1763456,Sarah Ostadabbas,1670929,"OSTADABBAS, SARAH",96.96969696969697,False
1763557,Babak Heydari,1405325,"HEYDARI, BABAK",96.29629629629629,False
1763557,Silvia Prina,1490379,"PRINA, SILVIA",96.0,True
1768944,Ziming Zhao,2087916,"ZHAO, ZIMING",95.65217391304348,False
1785392,Ziming Zhao,2087916,"ZHAO, ZIMING",95.65217391304348,False
1726758,Emanuele Viola,65788,"VIOLA, EMANUELE",96.55172413793103,False
1761611,Herbert Levine,1383874,"LEVINE, HERBERT",96.55172413793103,False
1762217,Michael Correll,2895431,"CORRELL, MICHAEL",96.7741935483871,False
1763772,Yizhi You,2989148,"YOU, YIZHI",94.73684210526315,False
1765308,Ruobing Bai,1526409,"BAI, RUOBING",95.65217391304348,False
1765443,Cristian Cassella,1115922,"CASSELLA, CRISTIAN",97.14285714285714,False
1765443,Marvin Onabajo,1131868,"ONABAJO, MARVIN",96.55172413793103,True
1765531,Aravind Nagulu,2471469,"NAGULU, ARAVIND",96.55172413793103,False
1765700,Wei Xie,1402150,"XIE, WEI",93.33333333333333,False
1765735,Soheil Behnezhad,2963683,"BEHNEZHAD, SOHEIL",96.96969696969697,False
1765824,Qing Zhao,2955450,"ZHAO, QING",94.73684210526315,False
1768425,Cristina Schultz,2702427,"SCHULTZ, CRISTINA",96.96969696969697,False
1768527,Cristian Cassella,1115922,"CASSELLA, CRISTIAN",97.14285714285714,False
1768527,Xufeng Zhang,2960200,"ZHANG, XUFENG",96.0,True
1769228,Juliet Davidow,1068034,"DAVIDOW, JULIET",96.55172413793103,False
1769288,Ruobing Bai,1526409,"BAI, RUOBING",95.65217391304348,False
1783661,Stratis Ioannidis,1671490,"IOANNIDIS, STRATIS",97.14285714285714,False
1783661,Jennifer G Dy,141178,"DY, JENNIFER G",96.29629629629629,True
1783661,Yanzhi Wang,1403996,"WANG, YANZHI",95.65217391304348,True
1783673,Geoffrey C Trussell,141448,"TRUSSELL, GEOFFREY C",97.43589743589743,True
1783749,Guevara Noubir,148184,"NOUBIR, GUEVARA",96.55172413793103,False
1783911,Michele Polese,1088340,"POLESE, MICHELE",96.55172413793103,False
1783911,Tommaso Melodia,1793665,"MELODIA, TOMMASO",96.7741935483871,True
1784018,Moira Zellner,1526463,"ZELLNER, MOIRA",96.29629629629629,False
1784495,Juner Zhu,2627049,"ZHU, JUNER",94.73684210526315,False
1784745,Xubo Yue,2803634,"YUE, XUBO",94.11764705882354,False
1784807,Ziming Zhao,2087916,"ZHAO, ZIMING",95.65217391304348,False
1784807,Engin Kirda,500658,"KIRDA, ENGIN",95.65217391304348,True
1785199,Josep Jornet,1080747,"JORNET, JOSEP",96.0,False
1785814,Prashant Pandey,2082861,"PANDEY, PRASHANT",96.7741935483871,False
1785971,Hanumant Singh,1645994,"SINGH, HANUMANT",96.55172413793103,True
1786330,Gordana Todorov,144852,"TODOROV, GORDANA G",90.9090909090909,False
1786335,Michele Polese,1088340,"POLESE, MICHELE",96.55172413793103,False
1786335,Tommaso Melodia,1793665,"MELODIA, TOMMASO",96.7741935483871,True
1786469,Kevin Fu,1538316,"FU, KEVIN",94.11764705882354,False
1786825,Ke Zhang,1986519,"ZHANG, KE",94.11764705882354,False
1786985,Pau Closas,1214210,"CLOSAS, PAU",95.23809523809524,False
1786989,Herbert Levine,1383874,"LEVINE, HERBERT",96.55172413793103,False
1787138,Cansu Canca,2921286,"CANCA, CANSU",95.65217391304348,True
1787439,Aravind Nagulu,2471469,"NAGULU, ARAVIND",96.55172413793103,False
1787529,Matthew S Goodwin,1134620,"GOODWIN, MATTHEW S",97.14285714285714,True
1787529,Aston K McCullough,2847387,"MCCULLOUGH, ASTON K",97.29729729729729,True
1787750,Nikolai Slavov,1676549,"SLAVOV, NIKOLAI",96.55172413793103,False
1787812,Francesco Restuccia,1881856,"RESTUCCIA, FRANCESCO",97.43589743589743,False
1787971,Mallesham Dasari,2458875,"DASARI, MALLESHAM",96.96969696969697,False
1788173,Lace Padilla,2897463,"PADILLA, LACE",96.0,False
1788246,Maitraye Das,2653980,"DAS, MAITRAYE",96.0,False
1788431,Varun Mishra,2964359,"MISHRA, VARUN",96.0,False
1788581,Shahin Shahrampour,2951079,"SHAHRAMPOUR, SHAHIN",97.29729729729729,False
1788632,Xiaoyu Tang,1535527,"TANG, XIAOYU",95.65217391304348,False
1796758,Xiaolin Xu,1520089,"XU, XIAOLIN",95.23809523809524,False
1797289,Yingzi Lin,959197,"LIN, YINGZI",95.23809523809524,True
1786400,Francesco Restuccia,1881856,"RESTUCCIA, FRANCESCO",97.43589743589743,False
1463491,Amal Ahmed,1131243,"AHMED, AMAL",95.23809523809524,False
1463497,Ningfang Mi,555162,"MI, NINGFANG",95.65217391304348,False
1470511,Ke Zhang,1986519,"ZHANG, KE",94.11764705882354,False
1468685,Randall Hughes,1969119,"HUGHES, RANDALL RANDALL",96.55172413793103,False
1468687,Yongmin Liu,1986081,"LIU, YONGMIN",95.65217391304348,False
1469096,Yunrong Chai,1963841,"CHAI, YUNRONG",96.0,False
1469189,Jonathan Ullman,1678790,"ULLMAN, JONATHAN",96.7741935483871,False
1469224,Stratis Ioannidis,1671490,"IOANNIDIS, STRATIS",97.14285714285714,False
1470174,Daniel Wichs,1967426,"WICHS, DANIEL",96.0,False
1471063,Pau Closas,1214210,"CLOSAS, PAU",95.23809523809524,False
1471207,Yi Zheng,1088857,"ZHENG, YI",94.11764705882354,False
1471289,Josep Jornet,1080747,"JORNET, JOSEP",96.0,False
1471426,James Halverson,1671743,"HALVERSON, JAMES",96.7741935483871,False
1621465,Qimin Yan,1066571,"YAN, QIMIN",94.73684210526315,False
1463494,Marvin Onabajo,1131868,"ONABAJO, MARVIN",96.55172413793103,False
1765779,Aravind Nagulu,2471469,"NAGULU, ARAVIND",96.55172413793103,False
1464585,Philip Larese-Casanova,541064,"LARESE-CASANOVA, PHILIP",97.77777777777777,False
1466960,Luca Caracoglia,197423,"CARACOGLIA, LUCA",96.7741935483871,False
1465168,Deniz Erdogmus,60309,"ERDOGMUS, DENIZ",96.55172413793103,False
1465170,Peter Desnoyers,681029,"DESNOYERS, PETER J",90.9090909090909,False
1466959,Emanuele Viola,65788,"VIOLA, EMANUELE",96.55172413793103,False
1467615,Nian Sun,140848,"SUN, NIAN",94.11764705882354,False
1464035,Swastik Kar,548369,"KAR, SWASTIK",95.65217391304348,False
1467613,Kai-tak Wan,401600,"WAN, KAI-TAK",95.65217391304348,False
1469920,Timothy Bickmore,959144,"BICKMORE, TIMOTHY W",91.42857142857143,False
1469819,Mehrdad Sasani,141904,"SASANI, MEHRDAD",96.55172413793103,False
1470905,Guevara Noubir,148184,"NOUBIR, GUEVARA",96.55172413793103,False
1470536,Matteo Rinaldi,1178430,"RINALDI, MATTEO",96.55172413793103,False
1466297,Yingzi Lin,959197,"LIN, YINGZI",95.23809523809524,False
1463496,Ming Su,1799518,"SU, MING",93.33333333333333,False
1463498,Olga Vitek,1798183,"VITEK, OLGA",95.23809523809524,False
1710918,Prashant Pandey,2082861,"PANDEY, PRASHANT",96.7741935483871,False
1669262,Ziming Zhao,2087916,"ZHAO, ZIMING",95.65217391304348,False
1495456,Sze Zheng Yong,2707875,"YONG, SZE ZHENG",96.55172413793103,False
1494155,Hessam Mahdavifar,2629597,"MAHDAVIFAR, HESSAM",97.14285714285714,False
1464124,Guohao Dai,1211879,"DAI, GUOHAO",95.23809523809524,False
1471357,Jonathan Bell,1026449,"BELL, JONATHAN",96.29629629629629,False
1462700,Wolfgang Gatterbauer,1872002,"GATTERBAUER, WOLFGANG",97.5609756097561,False
1470646,Latika Menon,957973,"MENON, LATIKA",96.0,False
1462971,Babak Heydari,1405325,"HEYDARI, BABAK",96.29629629629629,False
1471125,Rouzbeh Amini,118983,"AMINI, ROUZBEH",96.29629629629629,False
1463270,Yaning Li,1064186,"LI, YANING",94.73684210526315,False
1464036,Tommaso Melodia,1793665,"MELODIA, TOMMASO",96.7741935483871,False
1319350,Javed Aslam,141188,"ASLAM, JAVED",95.65217391304348,False
1467611,Andrew Gouldstone,358255,"GOULDSTONE, ANDREW",97.14285714285714,False
